A0039616ADOZ0KMWQRNX	0
A27HJEHC62OTQ4	0
A27G2VX10I2DIB	0
A27FBG8NXUK1D5	0
A3MMBLQ4200L8H	0
A3MN1SXVT87M1K	0
A2795IHMF2VIZY	0
A3MNRP173CUD4S	0
A3MNRPZ1ZWNV5L	0
A3MKF08D37MS5G	0
A3MRHFOLLIL0AZ	0
A3MXBI4J0XVOBD	0
A26YVJ57N8SD7D	0
A3N006M0NP9GNN	0
A3N4I8JLE6L9HS	0
A26U2W3KKN6WS9	0
A3N4QKEAAVK4F4	0
A3NEJAXTLK56HO	0
A26R58ZEJXCM3S	0
A273QY96ZJHQRI	0
A3NFXN00GEFCUA	0
A27ITQZGKQGEPQ	0
A27LY7GY9Z3RS9	0
A3LT4LL5ASVU3I	0
A28D2PDS4GDE57	0
A3LT856RNKA6VW	0
A3LVPFRLDSYIZA	0
A288N1B4QZEC6Q	0
A3LZRAY4U05WHB	0
A284PKE0ZFBOMV	0
A3M0BHU3JTYPI2	0
A3MI7BJPX43R4X	0
A3M3B3UAXZZN03	0
A27YWM76PA3FWS	0
A3M8V6OKL30923	0
A3M9VIPMZAHVKH	0
A27WNOGQ087MBO	0
A3MC00T0V5BY8R	0
A3MGJOV0KNML7H	0
A27PS10MW4O83I	0
A27NZGDZXYPZWG	0
A28075V58MT085	0
A28H6QEP122GIF	0
A3NJHA5UG8ZYH0	0
A3NO6EP2BNPF72	0
A3O2KQH4ZL23UD	0
A3O2Y6ZGF41XXX	0
A3O3TZFMKA1N4D	0
A25LUVMU38IFWP	0
A25LDRX8AJN5SE	0
A3O7N6RGUTDEJI	0
A25G0KJXAR5HB5	0
A25FQ93ZKLC7ZZ	0
A3O2D41TNEFQ1H	0
A25FPP54N27G00	0
A25EM40MFLKFWT	0
A3OLBVPD3CACKI	0
A3OQ4I8U6TYCVE	0
A3OSWH0M3KUN5E	0
A3OWB5KRH5XPC8	0
A3P4JGNGHW4SYE	0
A24ZI3MAG5H8WO	0
A24XZUSD5TAKUL	0
A25F46LSUTLS4E	0
A3NKCRQGGW0KD	0
A3O19Y3FGLMBZD	0
A25UA49T51HDJ6	0
A26JAQOV8CCQCQ	0
A3NPOHIZOE1YUB	0
A26GFPRH3K92PH	0
A3NQOGFYIM4726	0
A26C72DWWYGUEF	0
A26BDXG9KVH7SU	0
A26AJD7134R2I8	0
A268WUHQ6CYR2Z	0
A25SF3QWQOJLUK	0
A268SGYAWBGUZR	0
A26775N0COJ8XR	0
A264XUQY755NPT	0
A264MBH6IHCFNX	0
A263R480TEV86D	0
A263LD08LLTRC8	0
A262OFS18KH8YO	0
A25Y99OJ59YFH9	0
A3NXWE15B0624F	0
A3NRRBCW93V84Y	0
A24WNSFMU28T2T	0
A3LI0OYFGYP0E6	0
A28LNO8FI24ANE	0
A3IHKEJ4VPICD2	0
A3IJLUK4XS790Q	0
A2BSQYAG3UM6QF	0
A2BNUB123I2GQ3	0
A2BMZYOIFB9BSJ	0
A2BMJUI1IAPCI2	0
A2BM098YJZ33O	0
A2BLXPFKFZE4ZJ	0
A2BVQQG3NMMUF2	0
A3IRFMUE3GTQA1	0
A2BGNDKRT0423B	0
A2BF74G3UIWVHH	0
A3J3JP3GPV7YB4	0
A2BE308HHODTFS	0
A2BD4PA680QAY1	0
A2BC4FSNKK3SDK	0
A3J5UTJJDF0QHM	0
A2B55FV6ZOCV2C	0
A3ITRT8GMLWN7F	0
A3J6TNWUJ11W39	0
A2BVRTOS8B6K3	0
A3IDRTYT0ANDFQ	0
A3HF96IRV5WP7M	0
A3HJUIZWB224KZ	0
A2CNW01VDMU189	0
A2CGI9IB8WD9I4	0
A2CFY7XVQUFOUG	0
A3HSXR6K93IZ4G	0
A3HVKQHWHWVL81	0
A2CA7IYFIW9CI7	0
A3IGTULPP3TRBM	0
A2CA396S96A8PQ	0
A2C8X5GJ18AKRP	0
A3I4HAW0KSUARH	0
A2C728305OOX52	0
A3I72ON8PGD0G3	0
A2C652Z72ZMFG5	0
A2C0KQLB84PQGG	0
A3I9L8VZPB1ZQ1	0
A3I9XZGYARBLS4	0
A2C9NF3X1YZHQE	0
A28LFDIEUNH4GI	0
A2AXUXCIT8IRBT	0
A3JEMJ9KMUPLKI	0
A29CEX7EC3C093	0
A29BHW9YT2FZ77	0
A294W48TKRR57P	0
A293DNFD7CVRIL	0
A3KVROPADT1POK	0
A2917FV4XPTDDP	0
A3KY6OMYYCAKMK	0
A3KYBUK9FW05DJ	0
A29FZTD3412PW1	0
A28XVLY0EQN2MF	0
A3L59THVBRZ4O3	0
A28QQBP9051CFU	0
A3LB4B48ZJ73P8	0
A3LBZIB9EXZHZF	0
A3LGBCY3SBJ3JH	0
A28M65QIZE9TYE	0
A3LGQM5TWG65CT	0
A28LTA9UPL1A8C	0
A3L59EOEXSU9NJ	0
A2AWAXPNKJT5TE	0
A3KP80ROO50I4K	0
A29LWKSZAGEAE3	0
A2ARGSLO1MBNOV	0
A2AO9GGMG6BXPF	0
A3JGAG3TYIGUY1	0
A3JQ0W6ULQ7YJP	0
A3JTP3J2H1LC49	0
A2AF2AJGRS1BM9	0
A3JZ81N3CB5PIP	0
A3K1EZH55S4UPB	0
A29GK1C2HF5N51	0
A2A7KXM9B4XW90	0
A2A444MFNFFYAV	0
A29VG90T649CSU	0
A3K9ALI928DPT4	0
A3KDVT5PXEH6ND	0
A3KFDHWRGV2ONT	0
A29PKN4LL05QGF	0
A29P321J1N7Y0A	0
A3KK5D7UCDCPJB	0
A3K4T8MT0LTQSC	0
A24TKI6L5RKZWK	0
A3P6QBTR6YHU31	0
A3P9Z6T2MPYNY8	0
A3UB0MSBPJPK3D	0
A3UFETLNU90QQM	0
A3UH45XGFNDMEU	0
A1Z9XQ6N0NERE9	0
A1Z9XI85MV7BLO	0
A1Z5WRHOERLUXJ	0
A3UKPEQ2WC5IYL	0
A1Z2XJLN6CH4TC	0
A1ZF3IVQUQX3VE	0
A1Z1METEPCQ50U	0
A3UOO876RZWHQ2	0
A1Z03DZN5BQOVY	0
A1YYBHHV9ALB3P	0
A3UST9FWLO969T	0
A1YXVLZKRQ3ZJE	0
A1YX507RY36O7Y	0
A3UVY2GRLO3YHQ	0
A1YSZDVNKBGZ67	0
A2W9S2CXYV9P1B	0
A1YS5RLYZOECTW	0
A1ZG2PZGBZ2DLN	0
A1ZHJL1OQEGUKH	0
A20H3GJ9QVJ7YQ	0
A3TUEMELIDX4JG	0
A3TW3ZQOUOJE2H	0
A3TWPW6C78JPGV	0
A3TXHQPRY1KH3M	0
A209E8DH9CO99R	0
A208M3NWFPOS43	0
A3TZKNNB30BL6H	0
A3U9MQSG87E5TX	0
A1ZYIJPYNVEZPN	0
A3U1ILG3G78FGN	0
A1ZNNVJEM3Z8CT	0
A3U4YCGTM7JN08	0
A1ZMXZMAUJQS6B	0
A3U6TC4CG9M2BI	0
A1ZIU77BFIZ16P	0
A1ZILSMQWL01NZ	0
A1ZI2AYFJISEGH	0
A1ZVMD0IG00D6S	0
A20HHN3GKPY2S7	0
A1YS0ZM8HAAB58	0
A3V0HGEEFLYEXK	0
A3W4Z3KAD1TH3M	0
A3X7K8SFPBHO9	0
A3X9NDEYWYLAC	0
A1XA7YL1WK5Y7B	0
A3XNATSMROFT8	0
A3Y9SAWO9G8ZL	0
A1X6B7HHJIFKHO	0
A1X5MLAVX8LO3I	0
A1XM64QY9AF7T4	0
A1X4GCKIHYE2N3	0
A4H19UD7MLAHP	0
A4HET44468Q7E	0
A1WYP9Q7GTMUY9	0
A1WVFMUVW6KTMK	0
A1WUDZE1V1SEKL	0
A1WSWZABHWUMQL	0
A4J9NU27WXWWH	0
A1WPO8LZHY3YN2	0
A1X0N1I8PTOBYW	0
A3UZU6PQFCU7XZ	0
A3W31WTZ11KXS4	0
A1XRT0AQUYSXW2	0
A1YIWB8X544YMP	0
A1YGTSI3GGWL9S	0
A1YGH7UJZIJXUZ	0
A3V13VIBRN9KOO	0
A1YGDHN09USR72	0
A1YEWAQK5VHDZZ	0
A1YEVA9TUKZ1YA	0
A3V4BBCV7PH016	0
A1XPEFX0FAQ4EO	0
A3V4QHT2HSMCP3	0
A1Y0IW3RYX3SWE	0
A1Y0ED0DZMD1OS	0
A3V60L1AMTCHR8	0
A1XYL66JRJNFQV	0
A3V8J9OF1ZVLWX	0
A3VBCYYYHT3D3S	0
A3VIUNVNMC3I5U	0
A1XSJY8O6AOWM8	0
A1Y3CJ4DTAZXR8	0
A20JVK430FJK1Y	0
A20L0I8RB5XCMT	0
A3TRXU7QKFWJDN	0
A23TNDVW6L0JOF	0
A3QAD8YHBJLFW1	0
A23OP9UIE28F47	0
A23KJ3E6MUPIMD	0
A3QJ0S752YTYC2	0
A3QKWFC92S03MP	0
A23C6JAQEGDI48	0
A3QNYLK7BHRZ65	0
A3Q7WCGW664I0C	0
A239UMY0K8RDF	0
A3QPEHGOCGSB6W	0
A3QQMKX9P4J8VM	0
A237PG5L4HJ54Q	0
A2371CXE95KLG6	0
A3QRWVTI83EV2K	0
A3QTI9DEF4GVNJ	0
A232X3CFKAQVQT	0
A231TIF54F0L7L	0
A2397Q5FC93EFN	0
A3QTY93A2UYO5U	0
A3Q7HZDYL6AN6I	0
A3Q5WJQYWK0UVI	0
A3PDDBA8INYOFU	0
A24R2T2F2PQF6R	0
A3PFIFRC05LKJB	0
A24PJD3IU4AR0P	0
A3PIX8EN9ZMOLN	0
A3PKQFXL28EK2V	0
A3PM8SVZ6AQO73	0
A24HPX50XSOTXF	0
A3Q7FOBT6OC1W9	0
A3PO7P9MHI3WY2	0
A3PSDXO09GY4ZN	0
A24D3WAE2W0PNG	0
A24B2SXKEBZT7I	0
A3PTORITT352JU	0
A3PXYGS6PGFLXJ	0
A2484F5697Z1GB	0
A3PZ7LHH7Y7TJL	0
A3Q4EXFCTALF7F	0
A3PRW7LUH7QIPU	0
A22Y5CLJ7UZHCS	0
A22X1I8LT7G346	0
A22UYJG20MFH1T	0
A3SZBLHSRA67RH	0
A3SZVCNQVCTLDY	0
A21ACKP1NWDCDJ	0
A219N9MB3EDWKE	0
A3T10OUXVN931U	0
A2187ZD3U90738	0
A216SKRFFQU4ZM	0
A3T52FTJE0L7CZ	0
A21HVTDJI4XRGS	0
A3TAEFXD7SQNGP	0
A3TG7B7FLB8E12	0
A3TI1NPW6V8J74	0
A20WMVSZP1S63A	0
A20UWEPFJ32EP0	0
A3TIR19ZTMDRX9	0
A20R5KJ9XKQKU3	0
A20PAC3AUDY9KE	0
A3TRK11AWFFXF3	0
A212XU6UWSE09O	0
A21MKF9PZH16AM	0
A21R8JYHVCJOV5	0
A21RVVY0WNSPD	0
A3R7ATFBOPRY9F	0
A3RAH12S9PMUF3	0
A3RHGGT2BZ314M	0
A3RKEFHX1EO7G1	0
A3RKTKRYCX32A	0
A22H1CVJMBR01R	0
A3RM4XKGB370JM	0
A22GN9ZQJ6MHL5	0
A3RPIWCD656PMH	0
A22EDNAXKD73S	0
A22E52JF4GGL4S	0
A3RQTPZH49QT7H	0
A22AWU9NUVE0IZ	0
A227FZFWWJUPJF	0
A3S46EAKK94ARI	0
A3SFB4C2ER27EK	0
A22243BX28C8PK	0
A3SHYIBR6A5SXH	0
A3SO8BO5N5A3BV	0
A2CSV9CERNYUA	0
A3HB7HP4SRLAFJ	0
A2CWNOKHJJ0MIX	0
A3H5HB46QB4DAI	0
A2QFQY819Z4VX8	0
A2QDFKU0CZ9ZX9	0
A3328AZHVFGA3S	0
A2QBX4LEIF5V29	0
A334ZOF1ZD11Y3	0
A2Q5N7MJSZUOON	0
A2PZ6X5Q285RKA	0
A2PXVMF9DH8NDZ	0
A2QIGB4WRW0YP	0
A336NN57HXAVYV	0
A337T56JH8J5YZ	0
A2PLVAA3H6SGOP	0
A33A7UGT42OPOF	0
A2PJT6YJNP8HQS	0
A2PHH4B1XM5ILX	0
A2PFW91Y4WFEXU	0
A33EG7L5QB8ZC8	0
A33G6MSGJ5KDQS	0
A2PQ6WTIUCXVEO	0
A33NG20U55YMZS	0
A2QJAZ43HK74KF	0
A32LKZTI1E8OST	0
A2RIAVIXTSI645	0
A321Q67YOHHWVX	0
A323U91FOLDB4A	0
A2RF836ZH9YY9	0
A326JIBGBWQ1NO	0
A32770NBCKH5WT	0
A327EG9HV115CU	0
A327H4CANO3HUZ	0
A2QKX9F80EOHFW	0
A2R9DX606YXDZG	0
A32DG75E1ES1ML	0
A32E7EQ2D0ALTG	0
A32IP925VQMR87	0
A32IZ93T0Z726W	0
A32KA00LA92P6A	0
A32KVQ3FN5NCA7	0
A32LKFZQJWZYCJ	0
A2QN1A5JN9NZI0	0
A3280PC7IJ2Y80	0
A2RJ2A8GEIXJWP	0
A2P86DEND7WJG0	0
A33RRXT4UWW8EY	0
A2NQ40MZHUGVH0	0
A3519AWEF70TDB	0
A2NN4AKCKID6NT	0
A2NMVE97436PEN	0
A2NM6383S01M2N	0
A3587YMSMQ6KHP	0
A2NGKFLVSQA6A4	0
A2NFU49HMGF9LM	0
A2NQOZG9JN8BAE	0
A2NDK2SUP5GOID	0
A2N9MHGD60KED5	0
A2N4HN48AQDG6E	0
A35XT01IKES9TD	0
A35YUEP6EIKDFX	0
A35ZZBQG29OAL0	0
A2MT0JI6R2V66M	0
A2MRN95306ESHE	0
A2MRH36J6P1IQH	0
A2NACR3A9H5A0I	0
A33R8AU7NXRLDH	0
A2NTWX8K7X6XR	0
A34XCEWBQE0E9L	0
A2P22QY43N471Q	0
A33YMH7S919NHQ	0
A33ZSHYSYX5KH2	0
A2OUHYRX01WDXW	0
A343GABY8YYUT1	0
A34668BHXEL287	0
A2OLXMXUGD9KAW	0
A2OJ6MTCZS4G1Y	0
A3513EK5LRMUXJ	0
A348SM4GINP09X	0
A2OHF2SXFB88WJ	0
A34C7Y32JRDB9D	0
A2OEXLB318TWAW	0
A34JTJ7YP3BC0	0
A2O8RFK5OC7HO	0
A2O7AA4V5XW18G	0
A2O3GLW7K6PW48	0
A34UHLDAL6YI2Q	0
A2OI872PG2IBOC	0
A2RMFWSJ1OH1DA	0
A31PUGHMRLFF3	0
A31OESX3HDY3GF	0
A2XWCJ4PW16LR0	0
A2XYH18KF65EWU	0
A2V4V27W1XPZ3N	0
A2V17EFFAPKSJS	0
A2UZ2KGXPSX4GF	0
A2UY0ANL5CLYON	0
A2UX15KI4PFBEI	0
A2UVD2FFFAJ8SS	0
A2XVFXB26S5KZQ	0
A2UV8A1ZO6VA9D	0
A2UO9F5JGMYNCE	0
A2Y8GWZ7JJE445	0
A2YASAUDRBLQDN	0
A2YCOFKWL7MBCU	0
A2UJLU4U9VLJUD	0
A2YQVN092JW8DR	0
A2UFJAAI4GABTA	0
A2UC4PRXWJQVKK	0
A2Y7YNZC0CRFIG	0
A2YUBOAQR751ME	0
A2VC0DLWVIU5O	0
A2VCR5P989HB0D	0
A2WBB8QN9S617	0
A2WBV8TTRSE8CP	0
A2WS8FM02592VE	0
A2W19FQ3AJNS1Z	0
A2X16QA3E37LVC	0
A2VWJ5GBAVX06L	0
A2VV27TAXN0US2	0
A2X6B1ZK96NFNA	0
A2VCJ4V7BCFDJP	0
A2X9UVBGLYQZTN	0
A2VN2HWQWICVUT	0
A2XHZ7VYREN2DT	0
A2XKSFI53BAEML	0
A2XOV71CHXRGEV	0
A2XS57CN4N96N7	0
A2VFEY7LF1P0XC	0
A2VF9VXXYYH2TY	0
A2VCR7FJGYW61L	0
A2VOA53Q9I6BE4	0
A2U9N8KO0K2WVT	0
A2YUVB4HHT04R9	0
A2U9AJM68PT914	0
A2SFE5B5OXREZK	0
A2SEHIJC27YC4L	0
A30BG6QRRGZ540	0
A30QELDLUM4N9L	0
A30R4P4X21P4FM	0
A2S99XJ7JQYF5M	0
A2S8TS1ZHTH61M	0
A30S2XWHFQZ8X0	0
A2SGFN46GSA5TM	0
A30SQ028C0I38D	0
A31CR3UBOAYHVB	0
A2S291XBLP9WLA	0
A31G2PHJ8Y8RU9	0
A31GJ9G99SOLLF	0
A2RYCINE2OR8ZN	0
A31IJ57UEOSQ0C	0
A31M8CG34UV6RW	0
A31OA8TJN41JGD	0
A310DN3GUDS1M0	0
A2SH2AM8NXTLBF	0
A2SL2YME2NKGPQ	0
A306MLIAG11BG5	0
A2YXQMZ32BY8XH	0
A2U4X79OA54D37	0
A2U4HXZL3OACUB	0
A2Z8O42XYS2NOS	0
A2TU18N1IEG0OF	0
A2Z9I5UGMYDYVC	0
A2TJWH8FMHJNLE	0
A2ZMIPCEHWJTAP	0
A2TA6QSDWYU949	0
A2ZMK1T6NBWIAP	0
A2ZNE47HOMJ90N	0
A2ZNQYYHQUTUXG	0
A2ZQJN7DWTHAB	0
A2ZTY03XVC7OEU	0
A2T0ZETE0SA971	0
A2ZY49IDE6TY5I	0
A2STE16F6N76GC	0
A2SSMQAVHKPQN7	0
A2SP2MSY3PU58P	0
A2MQX901J7FBR9	0
A4N0LLVOND0TS	0
A2MQQ9N0EVQPOE	0
A36K8CNDU2XN9Q	0
A3C17UI3NYAOB1	0
A3C2Y1K7UXKI9E	0
A3C6ECCMS00GK	0
A2FZ41BQ47HSIM	0
A2FYS34YQD1ZQ9	0
A2FXQC6IJHWI16	0
A3CEPBL4DMYA7M	0
A3CFNJ41VB7KYL	0
A3BZQYHU0087BT	0
A3CLPDZ9Z06C1N	0
A3CUJ8XL1V0W7Q	0
A3CYFVMEJRWEL7	0
A2FCL1CKPWR3FP	0
A2FBR1RNKF2GFH	0
A2FAHW9XUHAIIK	0
A2F97CEJXIH3PD	0
A3CZ58RD25XSNN	0
A2F2DC7KL40QWI	0
A3CSJTKRMTAOY7	0
A3D0DHSNHSE70C	0
A2GBB8U6KRJC7M	0
A3BWHX8I2R4FKB	0
A3AXU558VDN7WQ	0
A2H9CMEP32LTAJ	0
A3B0KW1H2PJT3C	0
A3B3H5U4AER3WF	0
A2H3H0E115ZJ36	0
A2H1EWITTXSX30	0
A2GZN03T095CX6	0
A3B7V3JZGOHQTP	0
A2GBND1BNZM7KO	0
A2GWL2LQZR5EHM	0
A3BID3TD3LBOHA	0
A2GPAYZTHWPA32	0
A3BNR62S6U1011	0
A3BO846100XCSJ	0
A2GJS33NKKILU7	0
A3BSTS7JENQKNA	0
A3BU3JIWYIXUEW	0
A3BW05IGCD5P9S	0
A2GT1QSBIY6HK2	0
A2H9PP1PX1E474	0
A2F12SWF5B8ZNH	0
A3DOFQR5H41K5P	0
A2E4L0YXNXBG8P	0
A3F48KYE3EX9R	0
A3F69HNLEEWH11	0
A2E04TTQ5BMGE7	0
A3F8LKCPTS5A2M	0
A3FJBJH73JXTJ8	0
A3FKAA5R50MQVM	0
A3FOS9Y3750XVS	0
A3F3C1IAWHBRYT	0
A3FSZN6ZHIGI2H	0
A3G5MOHY1U635N	0
A3G90I0W2YQ3EK	0
A3GRB1PT4G5ZRM	0
A3GZQTVBTECQQ3	0
A3H17XPNHXX9TP	0
A2D6Q8USRXIJAC	0
A2D1BTBNO5Z6ZE	0
A2CZS4016XB22K	0
A2DOT7N5PVYN8K	0
A3DJ65FO98AX3H	0
A2E6MLDVHD7AZ2	0
A2E8TK122AADUG	0
A3DSO7X7L31K9	0
A3DUOZ5B78UEC4	0
A3EAFC1TUNUCOB	0
A3EAY4LFSF14V7	0
A2EM5IHRZDOZQA	0
A3EGK6MTW6N7JG	0
A3EJ7LLALZAK3R	0
A3EKM2HG43G223	0
A3F0OOS1TNRF5E	0
A3ENHGE7VQJ3BL	0
A3ERXP7YM4LG8A	0
A3EVG6Q0SZJ5W6	0
A2EF6PMM6MHOLX	0
A3EX3KNSSWRBP5	0
A2EDP785O0T7EU	0
A2EAOKEBPBTJL1	0
A2E9LVZ51TXBOL	0
A2E9CNXACTEHLT	0
A2EHPMD0D39IU7	0
A2H9S086DNYQDY	0
A2HB3GULDVCRX5	0
A3AU5EOD16G0V3	0
A37YCFO1YGFP7Z	0
A380ZPLUKSC0PG	0
A38488JTLCFI9N	0
A3881AIBQM8LWD	0
A38B3C5EMRO71M	0
A38CT0KEQ21MXW	0
A38GHD4XDOS9XN	0
A2KSVU0XQPTJ9G	0
A37QXCPVBKH8A2	0
A2KNB31SNXN0MR	0
A38LTTW9THOHMN	0
A38MVBNUJNB0D2	0
A38ZKHI5RPTJBT	0
A2KGTSC9I8MY3E	0
A2KDP39XARSZTI	0
A2KCD73ACNX8AJ	0
A2KCCLAKYKFV1P	0
A393EYHG86ZH0L	0
A2KN0KNJD6AGC7	0
A2K8M9PJWLO9K9	0
A2L60101TGHENM	0
A37L8P406GDGS9	0
A36KYFK5WJ212D	0
A2MKM3QGS58TWT	0
A2MG1K70UE421G	0
A2MEQUWD446KP3	0
A36RK0WE9U57BZ	0
A2M6X960TCN7ZE	0
A2M4RQ3APT4MNV	0
A2LXF9TZQU8F8W	0
A37MO3NZXK3DHQ	0
A36UJWG5TZ20TJ	0
A373UBXW5XCFJ8	0
A2LMPURH0Y63AW	0
A2LLSPKW8VKKW8	0
A2LK6490UUFH64	0
A2LJWZL116W226	0
A37524E9L9CSI1	0
A2LFILFQAOS2DW	0
A37KO5Q59W8M46	0
A36ZJJGK4UHOC5	0
A397CWU6DM3O5G	0
A2K7NVRKQHLMFR	0
A2K3WEMJDTNE48	0
A2IBRPLKEWYK4S	0
A2IBR184AVO0NH	0
A2IAPRWOQP5KTI	0
A39YMP9YKW2AJF	0
A2I9AU7129X6F6	0
A2I781D8HX5ZYF	0
A2I5J3H0S5H0P9	0
A39ZU2IJ0W1JO0	0
A39WYLMTNCSA54	0
A3A54YXQY59CF6	0
A3A8IC74GLUDUS	0
A3AC9YUDEAWFD7	0
A3ANCT19IF7M1C	0
A2HH3M2CYRIPN5	0
A3AODQ8WGF2MA2	0
A2HGVE0PJEL1R7	0
A3APVXFQQSZGN5	0
A3ASE1FZGL3JNK	0
A2HWPPZX0Y9I3B	0
A2IHISYDY6CYJA	0
A2IIHYLKO4OUB1	0
A2IK2U7FT7X21	0
A2JXCOUGYS5Y4J	0
A2JT76EESAXP6E	0
A39ANVSTOM4L6H	0
A39CL85SE8O7WZ	0
A39DCHLXZ6E8H3	0
A2JOG30L4PEIDY	0
A2JM0QU96GOMKE	0
A2JJURYIBIKMYZ	0
A2JJ3OUK1I8GLH	0
A2JI6CDLFCHXJ1	0
A2J5ZPTTZY4EWL	0
A2J4ZDJ21VAPFO	0
A2J4379WD8VURN	0
A39PSG0TME2UTA	0
A39RPXY0B0J5KT	0
A2IQKC3UDJHGUJ	0
A39T2J2WGZ73YH	0
A2IPYL0W65M17	0
A2ILXAK4MXSH5L	0
A2MOZ04B0RC0OJ	0
A4QJKT4IJ0ATJ	0
A2W8LNKKP5AQ2G	0
A4Z1SESNI715H	0
ANDDEYNQTSUFG	0
A1CSOV3XIVPP61	0
ANLR6UJ473KV1	0
ANO9SHL0H3C29	0
A1CMWDLOMHP7PQ	0
ANOVW3DZ7YSNF	0
A1CIUVH219FZC1	0
ANOXUYXMZ7YP4	0
A1CILYTWYFCOCC	0
A1CI6J1UA4UBEK	0
A1CI6B8F98QSU8	0
A1CGX97N84N4PG	0
A1CDHB4QASOJT7	0
ANRAX6GZBNWLG	0
A1CA6WP9QZYKQ	0
A1CA4C0PPTHVWU	0
ANT4HP1G97EBR	0
A1D0BYYTRHT0XC	0
A1D1KHYQ8EN3JP	0
A1D2AGLK0ZJS2K	0
A1D2NDKVAS8NG1	0
AMTZ7GT7SI0NI	0
A1DVOBTTQCEUGF	0
AMUID0H2KID5M	0
AMVWFP9LYIDNT	0
A1DSDZH0O6I72R	0
AMYT1CKHY6L9Y	0
A1DPK8HQ0YS0GZ	0
AN20UHPZIFIHT	0
A1C6Q6919G7TQ8	0
AN3VW9HKJP1AS	0
AN7CE1FUYR5EO	0
ANA75VFFLALO3	0
A1DDPM0B6PRHGW	0
ANAYLGR90D426	0
ANC3A309HHURQ	0
A1D8KV88A3D7IZ	0
A1D8JRD6VMDYN0	0
A1D34PWBMF8OIC	0
AN6L4J0CG8Q7T	0
A1E1612O8GUPIH	0
ANUOA4GEI8EVR	0
A1BXXEC61UEY94	0
APSKLJSEF7RYW	0
A1AMJB2NZKCGJV	0
A1AM22D7KFJRXR	0
A1AIK0L7NOF85Y	0
A1AERHSYCE0WIA	0
A1ABWTXGRDOQR5	0
APU4OBALPM5W9	0
A1A5HRQWSF1QTZ	0
A1A36G5Y28L0F9	0
A1A2NZCNHI0S29	0
AQ62GCJOZYF7E	0
A19YHHGPQ45P83	0
A19XM9DIPHOBBL	0
AQASUGL3G5PB0	0
A19RX1385OIKRI	0
AQCA8TL5FA651	0
AQIBIVQ8HYVLU	0
APP5I2WDIASOQ	0
APK1WP22FQD7O	0
APECX18B89E7I	0
APCCPDTA6ZCBR	0
A1BTNM09VAVMFB	0
A1BOC7RS4R3NFO	0
AOM2CC98S6AWO	0
AONG7MANDKD5T	0
A1BL9ZPHVUMDS4	0
AOSLINU5SJ95	0
AOSOFLQD63IUF	0
A1BIRXGJFUW3YH	0
AO3HS0G5ITLZQ	0
A1BHQKJH7J3NPL	0
AOV3SISENQZCG	0
AOVAZG35AKO9	0
AOXVTGL672OZL	0
A1B5MXKVQHLDI1	0
AOZQGRTFZVCOZ	0
A1B2GCF26JM1XL	0
AP41AVSN5H36A	0
AP6UHBLK81N36	0
AOU6GV8TV6GZJ	0
AQK6I89JSGMUR	0
A1E1OXZ26E2S9	0
A1E6HRGLBQ5ZRI	0
AKKUHX2RU0YNU	0
A1HDKLA7UB0276	0
AKLY5TNY606U1	0
AKN6CT3PVPZT8	0
AKPNS3QQO3LL3	0
AKR96YO0ES0JY	0
AKW4JIYF5I08K	0
AKW8DZ0ZII5XY	0
AL0GY3KNBW373	0
A1H2VSW753RFLA	0
A1H0P7ESJE2109	0
AL0MJAHBU66NB	0
AL1SXMFNHW0J5	0
A1GS9JE88E6JJS	0
A1GPGF6Z5XY5JQ	0
ALCLFC39VS9CB	0
ALDIYEOPT7BB4	0
AKFAVNH8SJTFD	0
A1HI2HJ01AJHOV	0
AK8AQGDUOD3Z	0
A1HNXVJFCGIDZ5	0
A1IE6EZPNUWKBW	0
A1ICNJNMQ3B7K6	0
AJQ57JBAPIUV	0
AJWJVE18XSXZN	0
AJX4BT2336O6Z	0
A1I8GFP6RLH988	0
A1I6S4061SH9A	0
AJY5F5A8BVGMH	0
A1GMJ9NVQZL9C	0
A1I3HC9KFXPHD8	0
A1HZSQPD9FMO1F	0
A1HZ3E0K3OSXNH	0
AK16KSPRGE7M9	0
A1HTOF10X31LKV	0
A1HTN4QNENZL2S	0
A1HSYKR9P4CIGP	0
AK2YOG5B6RHDW	0
AK88XNWXKOJHA	0
A1I2Y1ADOUZU0M	0
A1E4FO21A296FN	0
A1GLO039G5VVBM	0
A1GJSWM4GF9Y9H	0
A1FEOW0CMG3WG5	0
AMAMCKDIGW5W7	0
A1FD6K0KE4LOKC	0
A1F8OW9O90PQ82	0
A1F7YU6O5RU432	0
A1F5TTC2OVAF6O	0
AMH4ULB3PQ7RL	0
AMKBNKT8ILGY4	0
A1ERFTLFT1C946	0
AMOYDEB3H1Z80	0
AMQTNY6CKAZRS	0
A1EJ4YRE7P2Z3K	0
A1EHUV4XKICEVK	0
AMR6E6QPQA6JI	0
A1EFO68URD5M9Q	0
A1EDJIFWMNCRVE	0
A1EBE397YDGR3B	0
A1FFWZK7N6MRAQ	0
AMA4SXSYNC35I	0
A1FKEBK0JW5H54	0
A1FMWLZ9YY91XI	0
A1GJLPT1BOBUQ9	0
A1GFBJIP26BYHT	0
A1GF1FJ7TK5D9H	0
A1GEI1VM550LQA	0
A1GDGX206VQVP4	0
A1GD1VY01DFZ8R	0
A1GCCGOEMQFE5Q	0
A1G6N1TUV3RLZF	0
A1GL5MUTLM5IDL	0
A1WND56CIWDEI1	0
ALN0758DW6A7S	0
A1FWDOPAG2TUHT	0
A1FW39QZNGXH3A	0
A1FVMGXU0OWDJQ	0
ALSAOZ1V546VT	0
A1FPW39SQOWEO8	0
ALX46GT2REM6C	0
A1FN0LOYNUZ3XS	0
ALH5Y43R6NXD7	0
A1IEQH75LCDIR3	0
A1933E1UMQGLOP	0
A18YNBJYMLD1SI	0
AWRHVD1SXGSCY	0
AWVV9P8Y4AL94	0
AX0L760ZHIZ67	0
A12YHPYIGPWORQ	0
A12XN0OWPHP3IR	0
AX2KNG13D5Z4O	0
A12U7SMFO9A3EA	0
A12T879N5BH5S1	0
A12OS9SFFPVDTY	0
A12MQC2RK8STW5	0
A12IKGICRWZB8V	0
A12H16YQ8LCTUZ	0
A12E0Y0J6584RT	0
AX74C2SL5YBL0	0
AXADIJD1Q2N18	0
AXAKTLX1KIDGS	0
AXEC0L5OSM81	0
A130UVK8O9OL09	0
A130Y004D49GW1	0
A1338XYDPMM60Y	0
AWK2RRECPUQR9	0
AVOIKCD0XM3M6	0
AVUDJFSSP06Y9	0
A13ZBVP39YRG7P	0
A13Z6Z0CSPC45V	0
A13SGS8WVW3AHB	0
AVUJP7Z6BNT11	0
A13LF5H5LGKLY	0
A13K3427UOLWTM	0
AXO6YQOSXI4EQ	0
AVX6FJQ65LHL4	0
AVXPN9MPL3PDM	0
A13E8LUTO0RD4Q	0
A13D12ZCO48TFI	0
AW0835FO2NHN2	0
AW75AR1H51P61	0
A13CAA06E8EZ5T	0
AWEEI1ICWQ0WY	0
AWJYJOFT1TJNY	0
A13GZJFMDL3N6Q	0
A145GAPU58YKFX	0
A128AUTW4BV5PK	0
AXTIOTOJKNCNX	0
A10LIHFA4SSK3F	0
AYVCC1AOW44CF	0
A10J4FAHSKLY1A	0
AZ3X1638SBCNY	0
AZ45WDYZN4VF8	0
AZ7LE641P4YZ6	0
A10EGQ9E4RNAH9	0
AZCYEHCKR3JZP	0
AZFP1G62K7TE7	0
AZJWR5QHCC7RQ	0
A10BXI441RIG3E	0
A10AYKX0VARJP8	0
AZMJ7CO1KACYG	0
A105LKVNPLAUI8	0
AZOKT3DX2AGAL	0
AZQ3W01COUIM1	0
AZV4VNNVT64SS	0
AYUFKZ9ZY5NI	0
AYU616073VKKJ	0
AYT7MYRGCJ92Y	0
A10O2N1P60AVHN	0
AXTPMJJCW4I7I	0
AXXVWNE2G8LHU	0
AY1BSFPZSK0LA	0
AY2BHEFRBLUG4	0
AY64OW93EHZK9	0
AYAKMM5YVC93S	0
AYC9UAJ4UOVH0	0
A11OHHI0OTDS1O	0
A124Z4U0M9LYRU	0
AYEMQ3WG2PV5V	0
AYGS2GKR3PEEE	0
A113NTB33VRXCI	0
A1132FTD26QAMH	0
A111NGJ54UA7P8	0
AYJECR4TUTFQR	0
A110HKL1BEAZ9A	0
A10XEZE8282PEO	0
AYMH7TOU5AR19	0
AYG4J7SHLKYZK	0
AQUP8VHGWWC3T	0
A147IUKM21QP3Y	0
AVODIMBPW391I	0
A17JX1FM0UH0VX	0
ARKUMVKFITL9W	0
A17CF9OT0639S5	0
ARVWY84MXMMVU	0
ARZVEX72CUG61	0
A17ADRC42O22P1	0
A17ABLG3PP2P8V	0
AS3EZZ9SBS5S8	0
ASBZRRHDPUT1H	0
ASGHCAKPW2AIW	0
ASJ0BCYCBPKT6	0
AST10I3GKXN9Q	0
A1725QP6PFK31V	0
AT09GVOTUYPS0	0
AT9QI6C6AV5CH	0
ATEKBHTMKFCYM	0
ATEXJ9VMFN4SN	0
A17OSCJ0LDO3GD	0
A17Q5KPQ2UYE8V	0
ARBHSUY5LSE1M	0
A17QTNWS98HSPU	0
AQV8N4U9FUOK4	0
AQZ1XWGKR4F53	0
A18U5O2HGNVZQX	0
A18SIT75V72X7S	0
AQZWB4Y038UL2	0
A18IYKERP0TV7Z	0
A18IDLDIFLBMPD	0
AR0IPIT28HIS5	0
ATJ22NADXNLD9	0
A18E6Q2C3Y6JHO	0
AR7TPFHPR8VE5	0
A18A1IL4PX2MV3	0
A1864GYFQ2O2G0	0
AR7ZR2JMZPQN9	0
AR8GPH8WMZKP	0
A17XVESWRKAAM1	0
A17XUEYBXQ6TFX	0
AR9NCY40FJG01	0
AR16V77IXKFLO	0
A147YWI1H90RHQ	0
A16H7WMCQHISMJ	0
A16ERMJK7CN7T1	0
AUSTD01RI989G	0
AUYHN0A5QTXEH	0
AUYK57GXD251F	0
A153DUZNW9ZI1E	0
A14ZUWQKAZUWLX	0
A14ZFX4R4V531P	0
AV97L6MP468I	0
AVE94RYFAD2GJ	0
A14QRX6H54S9XY	0
A14PVW2N5YBWSA	0
A14MLWH24VOIA	0
AVFOGF00WIQEK	0
AVIEL22BHDTZX	0
AVIGAJRB60WPN	0
A14EXULVMJGDFJ	0
A149QPGARP90L9	0
A1495LBHT9UJ2K	0
A158O14L8EHIXX	0
AUOPJLRRGDQAJ	0
AUNKXRVR6HZHP	0
AUI2VIKD87DKR	0
ATM20SU7PA4LR	0
ATO46NDYR6XLC	0
ATQ3VR2EIRCCB	0
A167HQBMKCQPZG	0
A166E6VIEMDQG1	0
A165SOQVP59FU0	0
ATXMW8O98XDJO	0
AU0HW57TQ93XC	0
A16FBEJW3ZCFJQ	0
A15RL5IYZ0536U	0
AU2PCIJZJRSCA	0
AU3M4M3VHNPXM	0
AU9FPUQRUCCFP	0
A15IM5461HBLTH	0
A15I376IYIWAM5	0
A15GTJCCAVVFKP	0
AU9NJ4J8NMTKA	0
A15E6K4ZILA22P	0
AU1WFY4Q4EG12	0
A1IGV6P7AVHJFQ	0
ALEBYM19I7GUN	0
A1II2ZRPKZAQQD	0
ABRJG4H2U6DC0	0
A1OXHZQKIINXGO	0
ABTU0XE3TTQ3K	0
A1TPWGBNIYJ76F	0
ABW93BYR1RZYW	0
A75L2WES12WK3	0
A1OYE818TLQVRX	0
A1ONWT7G0B1MKT	0
A1OLL5LSNFYOC5	0
A7443EH1HRUX9	0
ACF9344XG7K0V	0
A1OKNIKI54VQ1K	0
A1TRBBXLH7IJBL	0
ACG1STT8G2ND0	0
A1ONQB8YT2GUVD	0
A1TPBBYCYETMAI	0
A1OZKW2L2CP6QN	0
A1P1LIJJWWCKTU	0
A1PM6SK9DFY9C5	0
AB1Z5LDYUB9SH	0
A79UE2UE3CFZ8	0
AB90MVTIHTDXF	0
ABD0XOLY5X73S	0
A1TKQHJD1LPVM2	0
A1PAGHECG401K1	0
A795WGXWMJWCB	0
ABDUIKJ2O1CM	0
A1P7P3KS6Q9MLH	0
A1P6H6YINSK9HF	0
ABPCMXB2JPHZG	0
A1TM1FUT1WF0EP	0
A1P46ZUN8P8T7H	0
A1P2J0O4YFATGT	0
A71K1706C6EDY	0
ACGXHQ09N1S03	0
ACJEP6GUWN2DS	0
ACN949E2A27C8	0
A1UA6M8KXWPKOM	0
ADBIZBUEC7KYD	0
A8UGT15A8SP85	0
ADEFJFM9LTXZA	0
A1UGTL408O21XS	0
A1NX4IQ6TYWYFB	0
ADIZ7HSJR15AN	0
A1NWGP62BZ12UA	0
ADKVYCKAPGR56	0
A1UKXSFULX0VS5	0
ADO9SN3TCFLLR	0
A1NTJFYIY6DT3L	0
ADW0HBVLNETAL	0
A1NLNI8A6G0DT2	0
A1NKTV949O5F3S	0
A6I85RHZBF9WQ	0
AAQW4RZEJNDN8	0
A1O2GI8HY753QN	0
A6IFM62JTZY60	0
A1TW0RARVFGASN	0
A1OCSXPDHLKWNF	0
A1OBNNKJ44I9I	0
A1O997I0SSI9UW	0
A6OU0FLVIS9R5	0
A1O7P5HEIWQSVQ	0
ACZIJMR3D8CDW	0
AD0EWOOZHHA6	0
AD2Y4TX27XSUM	0
AD4CWQ4WCYGCX	0
A1O3IFGYJIV9OR	0
A6N1728L6OJ14	0
A1U4B1237XI3NH	0
A1U5H9EUQUBNI5	0
A6KNJ06GG3JPB	0
A1O30HOQ0DHVBE	0
A1PN6IM9VJ1FPU	0
AAPOZI0DDMY2Q	0
A1TI9R7BAF7XJV	0
A9IJE4MLPQD62	0
A1RC1LLML179F7	0
A9IQH6MXV1HOS	0
A1S92LXMF2Z9GQ	0
A8GDP33E9WZDB	0
A1R9DTU6B2XJK0	0
A1SFQR9PFRO215	0
A1R8MKQ66MP1SU	0
A9PZGE4KYFLX5	0
A8FVQT6JKAUUA	0
A9R6HG8UJITMW	0
A1R5BJD094DDS6	0
A8DED4EJ0SBF1	0
A1R56WGS6ZU0V1	0
A9S8XUE3Y2NWI	0
A98VNHSVA8M4E	0
A8BI4LFQCL05I	0
A8INT3NMHRUS4	0
A1RGHQ7MGULXY6	0
A8WHB28AHS2FA	0
A8YCFI819WPKI	0
A1RQA300MOSSM7	0
A91ALRTTEOPMQ	0
A1RPF1X31BXJ24	0
A1RUBG997D1RKH	0
A95EUHYQ7NJ6S	0
A1RNN36I8SRZN9	0
A1RN061R8U3Q35	0
A8NTLL9T3N4IR	0
A961WOSFTE3W2	0
A1RI4ZMD5JY56S	0
A8JUCEL6L3LGN	0
A1RZLTY4BR8N4Q	0
A1S36VOW98EHM6	0
A974EH9FWAJJ3	0
A1NJZ0JFK22BFN	0
A9TYC6D4S2EFD	0
A9V52SVWCVNBL	0
A1Q8KRGN5G048F	0
A1Q7J89DIVOAXD	0
A81M9AEYSQMF9	0
AADQGRPA51Z0Y	0
A1Q4QSC47IL4Z3	0
A7R8CLBZQKZYM	0
A1PYZO1C37E3	0
AAIA2MOMXDBFU	0
AAIS1PVUHHEZR	0
A7QFCTSE3TCY9	0
A1PRZPMYZ03TYA	0
A7OSC32RM3OY	0
A7G7DFZ84P6XD	0
A1THKO8CLGF5WO	0
A1IH8362AKZX4W	0
AAD6YIN4DW5Q6	0
A1SO9973NWUMJ	0
AACNPUN3XO22F	0
A83AOYQV4TY2T	0
A1SY8LLI0IJJEC	0
A8B4638BCZL38	0
A9VS6G5IHB43B	0
A1SZNUM63S73WW	0
A1QT59E0CX088V	0
A9VT19O4A33H6	0
A1SZUQFCE7EK3Z	0
A8AJLEWE00SZV	0
A1T3E7YIDSUR8R	0
A8AAGTVALUURO	0
AA394CGT3GNYH	0
A1QGN1MJB76GX2	0
AA46TP3T0MVB	0
A1T5NTG8IMZ5MW	0
A87DE8UEASWMH	0
A1QC1HQHXR8RPH	0
A1NJX0AL4YLUF3	0
A1NZWP9R0ZOEN8	0
A1N98SH8G0P6B0	0
AH5GCNH82ZU0C	0
A1K8YIE417UERX	0
A1K9XSXX1MOV3O	0
A1VWQSLSXSI4AD	0
AGWBFPP9KS8TQ	0
A1KDDP0A12OR3L	0
AGQCFA4SY9TA1	0
A1KGJYZTTISKX9	0
A1KHWRJY1LKKW3	0
AGOWMPTNJ2K7U	0
A1VVIW0FLKQSNW	0
A1KMV1HTZW5QOH	0
A5GN8QIL8AITV	0
AGGNEYL9NPXZ0	0
A5J4LNA65D6ZD	0
AGEVDFQPFDW6C	0
A1KV8QHOF6ULJJ	0
A1VM0DU10K0DE6	0
A1LI2ATMNI61I9	0
AG1M22OCME303	0
A1LAQZGU2SXVIL	0
A5PP23HAVJFZO	0
A1LA4K5JF78BER	0
AHEPLA52Q8V4H	0
AG41E5I7H7WO9	0
A1L2W7CQPVIU80	0
A1L2BXW6QLR42U	0
AG86Q40S46KKE	0
A5LYYZ12B8RAL	0
AE05I4AV8C4E1	0
A1KW4RA07S6RI7	0
A1L3C40W4PRMHD	0
A1VXLNSVU0FSRI	0
A1VYHMT27TY4DC	0
A1K3BCUBHOCQMB	0
A1WC73HPU6FL1H	0
A1WDQXFG1VB9MG	0
A1J81924NJU06G	0
A1J7OLE6AMQ3RN	0
A1J41G572BIEXL	0
AJL3NTUA3O8US	0
AJJXUZ5TYFE7T	0
A1IVH9FJ77G0Y4	0
A55IUSFP6BTJH	0
A52TGGVJC7S8S	0
AJO8VP7OSV93N	0
AJOAAIXNIE33A	0
A1IKAU0JXRM4ZN	0
A4Z639JOQH01R	0
A1IOVHQ2GM88TB	0
A1LJD46EET097	0
AJFRMF3BG7FLB	0
AJ2B7G3Q90J5A	0
AHJCT5UZ173SS	0
A5B2Z02XEV8U2	0
AHPMDBMLZ7KDN	0
A1K1A9YP6LD83S	0
AHTFUNJCN33NI	0
AI06T50CRA6GF	0
AJ42SBYT67SYD	0
AI5BNB2G284JR	0
AIFAFQHHLVFV0	0
A1W5DT8R96DWQ3	0
A1JWCMWSKDDQC4	0
AIG2XHG4YH9PM	0
A1JRR70W88X7ZO	0
A1W6S7OXUIHMBN	0
A1W3Q2YIJU79CF	0
A1VJ5U2PKLFDRS	0
A1KWPH58C8RPSM	0
AFMK83NQGEUKW	0
AEK5OE2IXZM1G	0
A1MFSU988EPN8E	0
A1V4M6VGORCL16	0
A1MG7E74MOU4U1	0
A1V3VTD58XHCZ	0
A1MHVXGUHO5KP8	0
A1ML1ZUEVTL9IG	0
AEITAJQ5JN5CF	0
A1MM0PTPU44TY8	0
AFS9S11TZXKHI	0
A5ZHJZ5LRLKHC	0
A1V034KMB5IM27	0
A1UXYIWSQDS4JE	0
AECOIDBOE3ONJ	0
A1UXO90ETPLIBC	0
A6232Y51SIQ4E	0
A1MNSVIV6JAB3X	0
AE1JPFDKRWO6K	0
AE26KXDN5TX0	0
A1N48A650JW0QH	0
AE78P0RCDNPZ	0
AE7NPQR0E292C	0
A6731WFFIDYEN	0
A1V9ZZWIBSX0BI	0
AEBM90RWESSYI	0
A1MTVCGAP6CBJH	0
AEBN36DO76OMP	0
A1MQNUZLV1HBAQ	0
A1USFSPFVGX3UF	0
A1MPEA6KPF8CRG	0
A63IX65QDM6KT	0
A1MZSNQ28IA9FR	0
A1M83GICZ9T7JO	0
A8T6XIU8YL8G5	0
AFDBY6PJFK0GH	0
AERU691FXVPSW	0
A1LV1RB7XTAM83	0
AFDNCUOQX64IN	0
A5Q16BWYE0JSY	0
A1VHJ0L4XAZA25	0
AFE85ECPS3XOU	0
A1LXXVFHS0HB66	0
A1LZ6KITXV1WTB	0
A5VGOVA3P0D4T	0
A5YHKNEL38F2W	0
AFHYEO3Y1IIDD	0
AEXPLOZQ8HQD0	0
A1M1ZZCMOH111Y	0
AFIGLFG5JH1R8	0
AEUP3BYE86XOY	0
A1M0GNYX2UU86	0
A2Y4B01NHL4Z6N	0
A32ZTT0LVX9HMP	0
AV82CZH5IUDQ4	0
A330MBCMIKVFH5	0
A2ZAU8G3XBQW23	0
AUZO18RX7XCC6	0
AUL29X3NK17TY	0
AUZ3QLZOI6G1T	0
A3W4QXKHJSDBY9	0
AZLR9GN760O6G	0
A4I0151RBJLSO	0
A30T8LAWFZCEQL	0
AXE7GIDAR272X	0
A2WW57XX2UVLM6	0
A2ZM4FOYUQYHA7	0
A30RVAYZZTRYRT	0
A3TIKCI7S3FNZO	0
A6HZICJD1S58H	0
A3TK1BSRUV8PFI	0
A2WUHVJ0UIGIXY	0
A2Y1JVSWVND8EX	0
A65YXKOH01ZG4	0
AW8ZW9Z0ZDK2B	0
A33675BZVNCWHD	0
A2WUHKA1I75SL3	0
A6DMRX0D26E4D	0
AYLSXJZTPCEKY	0
AWZMUQT71J0DZ	0
A3TKKRQCP4A42N	0
A308XENZZDHCBC	0
A6P0MH8YWQHLF	0
A2YF8LVVQUMAJW	0
A7VG4A8XJQ4M1	0
A5D3K9XA3IH5H	0
A7RZPDF1MAHDZ	0
A31NZ1ARHAH11Y	0
A2YSD0XVG18P7X	0
A321ILAZ4B47MC	0
A3054XMTV2PK0G	0
A2XUTCK61FM8XF	0
A3TZFP0AUHU102	0
A303S36GXJ7O65	0
AYP7SDGHCH4HE	0
A32Q726D4KHNHH	0
AYOGN4CE6HV5Y	0
A48WKAGR78GGC	0
A3VDVA9Q5TYNLO	0
A7FSP8CD2SZKI	0
AVGRPJV04W6YW	0
A2XOQINDKII7TM	0
A315QOU416TETY	0
AZ8OD8A0HYPAS	0
AX5ZDQUSZG8MI	0
A3VOG992FZH570	0
A49VMF04NG99E	0
A596S5DSY5O7T	0
A5944FF3B75VJ	0
A8HS31BIOB4CT	0
AVBC5X2FJVQ2N	0
AVMDELY8YF9UL	0
A2XTSPMB8FVIZ7	0
A37AHASAXAYPK2	0
AU3OCOOUGVJCA	0
A3CA89RZ04MEMV	0
AMUQU6GSA4COA	0
A3CQ2RBRDLGJO1	0
A3MX64R8F542RZ	0
A3MP9CVUWQ1LQC	0
AERBY54RWPSO9	0
A3C6F4SJNV2VY9	0
A3D36TWP0B3D6K	0
A3DP4X98YRTFWS	0
A3DS6M8K0BFIYV	0
AF53KLOK7NODZ	0
AMCCCP5KZSEV0	0
A3MERXZZ5BW2YL	0
AMA9P621OHNC6	0
A3D9NLH8OVBNUU	0
AMZA8MLF9UBXP	0
AN2EMLCCR4XPN	0
A3NBOJO0RUVUTW	0
AD7575857J3SV	0
AO5HECJFS7Z14	0
A39ZZBPZXUJLC	0
A3A19D9UM3ADCI	0
A3A8OS0ZSIZINZ	0
A3ADRJDP3XQIGP	0
ANPI5Z0O5F7Z	0
A3ASPWBGNUIJ2A	0
ADX3TQD8ESUTB	0
ANL4E8XF0EXQA	0
AE1UBGTDVCAHA	0
ANCOAI1C9KH8M	0
A3BK8RSFSFZ7RJ	0
AECGF0VC40FD8	0
AN6UP53OI5G1L	0
A3M4OT1Z9Q4DZ2	0
AOHMPYWZ9KFOB	0
A3EZQU682NYRHF	0
ALVSFBKP8Z1RR	0
AKEXA6TAYAUQ9	0
A3KJ7KNVXVQRXB	0
AIUHSKKCH3XXV	0
AK5GF9968QUD4	0
A3K6DBAF8BZQ44	0
A3K5O04VHT53TQ	0
A3I95GGCQIITYL	0
AJKV9XICGTN05	0
A3K1ZKDRPE7OQ6	0
A3IW9TTG36O24X	0
A3JSIR3TGB7TI7	0
A3J4ZS5GJVGL8Z	0
A3J5GBMT4S2OWA	0
A3J7RY6IKYOXCH	0
A3IM3VXD13HCE5	0
AKIN43MKZJRR0	0
A3I8QOGCMQUBAN	0
A3KM0D78RGEM3V	0
A3F0PXHV48J6WW	0
ALPQXRLHPOFL4	0
AGER81TMIRGUF	0
ALDV7PXK60CZD	0
A3FWSW4583061A	0
A3G8T4D5526VBB	0
A3GBB0YVJK8H6Z	0
AGMDMXVGQ2XLO	0
AGWKQIBF6VNXB	0
AHJAYBX65DA11	0
A3HO2KGZWWCJAW	0
A3HP7DN53XL7F6	0
A3KVNISXEE3XXM	0
A3KUSTDTGAWL54	0
A3KPK5QK8GNXSU	0
ALZJMBRRKUEON	0
A33BIN0VIKPF3A	0
A3OHRVP4TCMW8E	0
AOJQZMVANEPBI	0
A3RYZUM1ZY6GXD	0
A3RQ3B19IOM1V1	0
AS8Q9363A0XJT	0
A9RJUH1QID5PR	0
A35F3JHVORP0YO	0
ARYNO2UE44LPW	0
ATANE2SC44592	0
A35FG9ESMA8BWK	0
A35WAE3S8KAV9E	0
ARTPRZWG3M212	0
ARJH85KANFAKU	0
ARIDN94LOCQFD	0
ARCLMS31QVEJQ	0
A3646Y6S21EKFC	0
A35VWMULW2JDPG	0
A9L7GHWQPDNFM	0
A34QTP68ZWCXK5	0
A3S98KHRVGGKNV	0
A3SYBU3PZ2DNG6	0
A33URLKONJIC70	0
ATUDFWUUY96VL	0
ATUAAFDAXZA96	0
ATSY1X892TV9C	0
A346P3I5VZBJAN	0
A3SP9SHH8GUL7M	0
A34D3AJW1ZZAJL	0
A34EG8CUS171K9	0
A34GG4NWK9NRY1	0
A3SFAXYIP1J1FF	0
A3SEOIE6BS1KCL	0
A3SA5GINJSXFZ6	0
A34NSY0ZZ3KZD1	0
A34P606KOQFAZG	0
A9WT87JFYZ3A7	0
A39Y3JBEKBQ0CY	0
ARC2PCEYCG8ES	0
A36OB5RLDIK2MW	0
A392QFLHRT17IW	0
APVYZ1BUN16IC	0
ABUSCC74O5B3R	0
AC952IE2UQFZI	0
A39DDJHR5HAF4X	0
A3P5I4Z040M2TN	0
A38SA5M7U22T6J	0
AOZXJH6ZV0LYK	0
A39GNW9BXKLK0Q	0
A39IF6GZAC3X0P	0
A39OACM41MG4I4	0
ACPQJH6RUYCTM	0
A39WSZEXPRJN6L	0
A3OJALI14ZO6WY	0
A39E9K6NF13GX4	0
A38LN9DPLUYGFR	0
A38GR6SXRN5VZS	0
AQGGNJLDY1ZTO	0
A36RB7ABVG2PFJ	0
A36SNDSBGJESBV	0
A36TDD9XV7N1U3	0
A36V2BSTCSU76G	0
A36XV158NALZV	0
AAHOL35692RX2	0
A374PA18DCGS5Y	0
AQZXG85JST0SI	0
AALCU7KDZ8V61	0
AAOENLEMJ0GIF	0
A37JXJ5T2DJ8U3	0
A3QHBL3NN8BYXU	0
AQZAE0Y1O8KKK	0
AQLMQHMCH2IVF	0
AQKTSCO44UDKP	0
AA47VO21DHN2O	0
A3UKWIAP8IZDHM	0
AZZY4W8E5AX2K	0
A2W82EQ9HXNTLJ	0
A25L4C2DUZNGMV	0
A26L9EZ9NVTKFN	0
A26PQWNHILNYQP	0
A26TBK48L5D5XO	0
A272UIPJFLLX56	0
A27B89565BHT6L	0
A27T7LW9O29PU3	0
A27YPHTNU7N5AK	0
A28MP7UG64FG5N	0
A28PEDHPKW8LS5	0
A29FLXUCXT8VNK	0
A29R6EF8YWGY4I	0
A29USV7RNW5RN7	0
A29Y9A04FE6N17	0
A2AJNPYXTVSSTR	0
A2B5608Y1QTOVB	0
A2B7RR5H4JBN0F	0
A2BUFJATR2IG9B	0
A2BVWIKJ39KIFO	0
A259AKFES47VYJ	0
A250GLG6ZR9PQX	0
A24Q6EJWVWNOLP	0
A24J5SATTU8KQH	0
A1WZ976N4OCHUI	0
A1XI8W0Z63RWLJ	0
A1XMLDELA2WROU	0
A1XSQPFFOID3I1	0
A1XWYDYTJYWXQP	0
A1YM09VJF71ING	0
A1YY59E939WE23	0
A1ZN2OD5419P7D	0
A204RNV7KWUNYN	0
A2BYPTJWDMBGJD	0
A20O95CT3UCL8K	0
A21CXMNADO5YCS	0
A21SEHWKBOATQ0	0
A22G64MP2WZHO0	0
A22HIWG4NIZW05	0
A23DZ4UZF62LGT	0
A23H2PFUJ98LDX	0
A23TDL0WBGBMRZ	0
A23UCZ7S0N8BI7	0
A249FFW3PGLIZD	0
A20U6VK8RTVZCZ	0
A1WQFGEIHAHHJZ	0
A2C8HJJV21AOI9	0
A2CL9HAHSV4BIC	0
A2HRZIJM3VA0UT	0
A2I3Y4SMOPGO1A	0
A2IAB7WQQEPWME	0
A2IXK1CBLA4GS4	0
A2J64ACNT1PTIJ	0
A2JQ0Z6NTTIZ73	0
A2K89R0B20LYHB	0
A2K9WN3GENPWF3	0
A2KK3KCSA118PF	0
A2KL5GZMT3TOV7	0
A2KTC0AMI3ACBS	0
A2KU03VFQC2KLI	0
A2LGUWB6VUQPT6	0
A2LTTDNALI5484	0
A2M3UHYJC94GZC	0
A2MOC1BBYEG8B	0
A2N7MQ7L28NNX9	0
A2NJ7DGM5HGGJ6	0
A2NOARZAAEHMEZ	0
A2HEVX13H1FLTO	0
A2H851GWML3MKC	0
A2GZIFFMU3BMDN	0
A2GLAJFTPESNTE	0
A2CSEP3PHBAZTA	0
A2D9J11ABBRCNL	0
A2DBTXTUPU97ZR	0
A2E4K4E6H0K1DY	0
A2E4M5PIKDFI2V	0
A2E829OI2WYQV3	0
A2EG8HE11LJ607	0
A2EJTDGBG03JTJ	0
A2EKCQPP31988K	0
A2CDULZ7C2VNGP	0
A2EL9PXGSDY2HZ	0
A2EV5VS4518MAQ	0
A2F06AN5TRPWY0	0
A2F142AZ11029K	0
A2FCOJC1HAXRBO	0
A2FOKTH7IZX388	0
A2G9AVNR3TJW7F	0
A2GCK3BWODX4AG	0
A2GHCO7AQPZFVU	0
A2GIG4HWMI7YLK	0
A2EQKXCDOXJ6HJ	0
A2NZJI8OTG3SZK	0
A1VUR9OSP0HGK7	0
A1V23UPYC2NPHX	0
A16Y2L5VQCGYAB	0
A172OCT7EH9YG5	0
A17AZ60KXC862U	0
A17M8T8G034IVZ	0
A17NX7T7DW6KL2	0
A17UFHKP0RVNJK	0
A17Y35R1W2WMZF	0
A18CJ6F3GVH8UQ	0
A18DI7OM4K7A0S	0
A18N1CVQJM6FD3	0
A18UD1PH9SYR55	0
A18X4KF9OVKWXY	0
A19LREJRBTEOGG	0
A19NHSE5MIB2AB	0
A1ARZ97SQA4ERB	0
A1B1NRB23SZLJA	0
A1BNHVMROVZ3P8	0
A1C1D90EVIA4Y	0
A1DEFZJIFSZ5II	0
A15PDPK6GRMKPB	0
A15NQIJ8G9LZ4W	0
A15ENCZ5GRYG0B	0
A15CRKT74XSOYP	0
A102ABZF13SEY3	0
A10E96SMA4Z9HV	0
A10FHRP5FRAEUU	0
A10J501WHPACLY	0
A10LQVM2DXHRLG	0
A11PRR9MH232DA	0
A11TL78PNBS336	0
A11YCTS27037PE	0
A123879TGBH5LB	0
A1DH93XJGWKR4G	0
A1294HX1Q9ITHL	0
A12BLL6A4RSVT6	0
A12YRN8C7Z2J52	0
A12YSUHTXNY9D	0
A12ZSSIXMEKS6Y	0
A13CHYH1CGJ0T4	0
A13CIKH3UXEKTP	0
A14JS60X130HW7	0
A150YGMFVCMQE7	0
A152UFLXEWD78Z	0
A129AMZAPS5AVU	0
A1VHZC3YC95MH7	0
A1DIZ1QKN6GVSN	0
A1DSW5XRE615F6	0
A1NPFGJBVLC2JM	0
A1NXVR61ZRYJTB	0
A1OD2E7OCW8TVP	0
A1ORMKHT7076MO	0
A1PPITE3FR4M6K	0
A1PPUCP32K8LBI	0
A1Q21ZNXVA3GL1	0
A1QBOYGFYFEFGK	0
A1QCULR3SQ9IIP	0
A1QJ6G5B7VRAYP	0
A1RO56A7EAYL3Q	0
A1SDDXPBGU6KPJ	0
A1SJNYL5G5X29D	0
A1T79JVV0YPGHL	0
A1T801A08HCRJT	0
A1TK18XISJCST8	0
A1TZ1QV2QD7QZV	0
A1U8ITI3W13QFE	0
A1UUSXLM8A5B1Y	0
A1N0WLRUY1WAJD	0
A1MPRNZ820L6Q1	0
A1MLBMJSFK6BIJ	0
A1M7FBQNALQ7V6	0
A1F18ZBP8EX834	0
A1FFTE8O92RZF7	0
A1FI7VOVA8UH8Y	0
A1FP2KJC61SIXE	0
A1FPJTFUR74J18	0
A1G6DBE43E0K9J	0
A1GWG83O0FNB1T	0
A1HDAOQ1O6OUEM	0
A1HS3ZRAEYAXLE	0
A1DKPQLKD01H5L	0
A1I57DBBYG9TGA	0
A1I9IXJ8FF2F55	0
A1IAOAENI96AM6	0
A1IYNA974ZAI0T	0
A1J9LW078SZFQQ	0
A1JIHHK858CZ1P	0
A1L00EILJ8RSCR	0
A1LNO09JFZN003	0
A1LRBGM3T7RPV3	0
A1M66AD1QS02VQ	0
A1I8V2D3QPMSXA	0
A2O9LFD2BNR0GA	0
A20M7W2JZBBIL2	0
A2QJFPXJGKSR06	0
A2VGZGUNW0MNP7	0
A2RV3KDUMFM7KL	0
A2QPY7AWL38XY8	0
A2TQWP8GLAIHGB	0
A2TUEJE3CTOJ5W	0
A2URB7B09I2CD9	0
A2QQIT6WIOQJCD	0
A2QX0PHFZD7F79	0
A2S64ATHNEVAIM	0
A2OYJODQBZH81O	0
A2T4WRUVHNM495	0
A2QXHPM0C3SZAS	0
A2VP7TYKGKRZB2	0
A2S2S9H5IZ7Z6Q	0
A2SBVU6NGOLJDY	0
A2R4J4BAZ2MPOR	0
A2R736CNTSMZA9	0
A2P6S3T8AU68J7	0
A2QOIJUIN8X4DZ	0
A2QBYH2IR46YUP	0
A2T3XG9LJWA1LB	0
A2T0IZ7C68B185	0
A2PCSSR6RD36FS	0
A2RF72UWZCHYT5	0
A2OCJM08MMWNB2	0
A2OGQH9KQJOX4	0
A2RI7PHRATJ3NM	0
A1S6XQFHUYXUW2	0
A1Z0M14CYMVW75	0
AJZJCAZ6B5SM	0
A2YXNMGY33ND0K	0
A3KTO2A8FIR6Q8	0
AI3MNXZ0E76W9	0
A3KRKS0PRCPRX9	0
A3KRJRLGW41H3C	0
AK4F7N4ABIY13	0
A3MC0KI0MRENRY	0
A80P2LBOAZUJL	0
A2R9POT2D3G05R	0
AK65APA9ILAR0	0
A1HOIJ5QX2ATY8	0
A1T9VRUCUKIVRD	0
AKC8F46M0E7A6	0
A3MD8UJOOMPHJK	0
A1HJCE84P50B8T	0
A29Q0OHIK5VOLQ	0
A1HHFEAS8M5K77	0
A1JZLGD25SZ54A	0
AK51MYFI7VKQ2	0
A1T9QKDSI3F43X	0
A1ZDJ65ZVFU11I	0
A290AAW9DWN4ZY	0
A287KE2I1VSAK2	0
A8A0JU4LXKY18	0
A3U7KNSEC8E0AS	0
A28D0HKPYRENXL	0
A3M0DO6Q8008OX	0
AJ0KCJ15VY7V4	0
AJFHMT3YU8AEC	0
A3M143YJ0HRZXA	0
AJIHI6JM31ZZC	0
A1ZKC6PM7K0HM8	0
A2S2PW6ESHF2H5	0
A28NS9DKMV22G5	0
A3M4FONT8B9Q2B	0
A3LBTNCTSO057P	0
A84DX3M4BARM	0
A2SE5EJ7B6Z8NP	0
A3L9VM2XJX7VP6	0
AIBZYH7KI1AF6	0
A28SYHTF60P3JW	0
A28XC9S72C1DWB	0
AJM0I0BUZ1OF9	0
A3L1XRVU17Q449	0
AJRSMFR95I31P	0
A82OQ7VGNIXPP	0
A1YW2LXWU8MZFZ	0
A2A34X2X14KH8A	0
AKOWPETV0Y73Y	0
A2YOUG4EGWHVVO	0
A2BXQZ4ZT9IV4K	0
A2YIBH6HVHG7N8	0
A1FDRF4X6XK7YB	0
A2BZ16RKE13PKV	0
A30JFIDG2BKLZC	0
AMFM7W98UZOFC	0
A3I2V0BWE5Q9RW	0
A2YFR0Z4G857LA	0
A3HYHM1RUS4HG	0
AMJSSWJQM2I3H	0
A1EYBP3CS1YS0W	0
A3HR4JULMIX4H	0
A1EOXNA2SGT34A	0
A1EGUVF9JA7N1W	0
A1DWTRFHUT40RI	0
A3VMIKH47GCFZT	0
A3HJGIVPDZS1KW	0
A3VMY92HE0B97V	0
A2CV9JWP8HZQ3L	0
A2CXH7WCC2XYKD	0
A2D7L2YX25O25R	0
A2YE5PXBPKG5FK	0
A1DGZ4K92VEPEC	0
A3GR8UON9KJK8A	0
A3GOPXU6AK0K0Y	0
A1DBU1X381Z9UE	0
A3105GEXKWA32A	0
A1U7X676VKNKKG	0
A3VGHF7VNFBMCQ	0
A3ISXAH2PLIG28	0
A3K9R4AXK5O6NS	0
A1TDOSL2IW356	0
A3K6ECZV05NJVL	0
AHT7OQEPB490J	0
A1HBEOZEYHJ8I0	0
A7EVYQ48ULIST	0
A2A8JTMILJ5FQH	0
A3K1BNR4M6T64D	0
A3JZU9HMOHSI00	0
A2ACU5N0GZ87GF	0
A1GT1QTHBFOGOW	0
A3JL3G7SU01JDP	0
A1TLB53RUGAT99	0
A3KDHHLMSF9H7O	0
A5B2HM4XYBRXO	0
A2ARQUQHHSQWP9	0
ALDB32UJFPJ4L	0
A1TSXR8925E2DE	0
A2U9QULN4YDCTV	0
A1XYBW0ENDP5GN	0
A3J53QSAALL2QB	0
A2B9U8PM51PQK2	0
ALINM2FG484MQ	0
A1XXFQL2L385LL	0
A3J0J584BCJZA9	0
A2BGZHGYJTMC3A	0
A1FZDW2H4OJGO4	0
A30HA64NMODCZ	0
A2ALW1HP7H85IR	0
A1ZTGDHEKNO86M	0
A2VOV9EC3GIP5Q	0
A3MMOBS2664G4U	0
A235YCL6N5H485	0
A1R3B9ONNDC6E3	0
A3QREN3BE4D90T	0
AC0IZ736KCIU1	0
A1R802O360CKD6	0
A1OKZQU7P8WVEJ	0
A31IMVK6YAEGS1	0
A21AGX262NNTNO	0
ACIDAQQM0ZOG1	0
A1OECWWF9LDU4S	0
A1O86FG7GU7T3M	0
A3QBO9VXCSZWE2	0
A1O6L57A65PMOY	0
A1R00L5UDF8U2O	0
AD2GYWA9MNV09	0
A1O5CHSBQUHFXK	0
AD4FDP0FD70AN	0
A3Q4WZI2IBZXM2	0
ADAD4ATG3WMB5	0
A242ADDCE3YB3U	0
A1NZXC57K4LU3S	0
A3T1JOEPWB8M1V	0
ADH3TTPS6GZ3A	0
A24AVH6Y1P8Y66	0
ADMVOQARIUNO9	0
A1NVOAF2YE4Y5N	0
A9J6SKF2DVWCZ	0
A1NJ9OSQZOZB02	0
A23WE733QT4WGJ	0
A2330TT8537PQQ	0
A1QPTMBQ65JDND	0
AA1D1VL9KVUW6	0
A21VXRW49LDWNV	0
A3SHLR86QIHDV1	0
A2SPL8MTWBWH7F	0
A2SR5AQGOB5XGU	0
A22546AON5ZG9X	0
A225L8NTXN221E	0
A1QCDKT5XOECY4	0
A225Z87QLC1AAW	0
AAE3IQL5WWYLS	0
A3S6HXI1CZNRL3	0
A3S5AM1KGHDI3U	0
A2279PSP7M8DJQ	0
A3S0KE8LHI3HXQ	0
AAKKOHVSZZTQS	0
A3RTBSJWO4HT13	0
A21STIH8VQ9I7X	0
A1PMTMUG5JOACR	0
A31HE83MU98GBV	0
A3RO05VYEV8RG1	0
AAVYV2ZFF6K2H	0
AB1VU08P34L7M	0
A22JYCQLD9X0CY	0
AB9DZRA2Z5BYX	0
A3RGN75LHYAG8U	0
ABAOPQH57ZE5T	0
A22UXPEPDIO2JV	0
A3R2TPDCUHWMD7	0
A1P8STS1S97WT9	0
ABGBVQ1EDX127	0
A1RA699WDHL266	0
AHJZF3VJS9YIF	0
A1N60284MDFKRV	0
A215WH6RUDUCMP	0
AFZWRKQN3DNGZ	0
AG0SEKQHFY733	0
A320BTSBIAO9AM	0
A26OUN1PN6FVRB	0
A8U3FAMSJVHS5	0
AGE7FLK08LEJD	0
A20G7L1QN5FCUV	0
A3NF6TPWJEHGM0	0
A26SQX0XNXY42X	0
A20FT6YUDSGZ4S	0
AGPBOO634Y6MJ	0
A2RI7SHTM3D7CQ	0
A3N9ND0IMBKA3D	0
AFU5YIRM5NNLP	0
A20C788JESBFIM	0
A3N6RBTAJXQGK9	0
A26TYI1UEQ2EY9	0
AH3V93LKJB12U	0
A1K6X1QXYIZ2NN	0
AHCKJKEI783IQ	0
A272M47F02R35K	0
A3MWSTZ430MSSO	0
A3MW93I43BV8DD	0
AHDNB9P5B6MN	0
AHEJK7R4SIPWH	0
A3SNPMBS8U2ETE	0
AHGQDMJ9AXH4L	0
A27B7BLC8S3K8M	0
A1KBJCZXDBULKM	0
A1LNNL67MI7HKI	0
A1RRABVF0BJ0P2	0
A1RQE5UK32DX18	0
A2TGC4LW59CSF4	0
AEDXD8O6JMHV4	0
A2TJ26HEF5S3W8	0
A24RCBRDXRXR0Y	0
A24RQOJKSS5HC5	0
A3P9GM8M5I95GR	0
A24T2P7NW63GOG	0
A9BLZIMOB9E1J	0
A3TCLH1J8R6O8B	0
A2RNQ6GZV5IZY4	0
AEMIPUKP4YK5Z	0
AEMOODXSIUS76	0
A1REJLZGOVCH0P	0
A1M5DXLAYRLXX	0
A259U7E2COXEE0	0
AEXJKDC3CDFUF	0
A3OI7AYBZ2BF1N	0
AF1T46J5E3W	0
A3OBVHPUTE5RVA	0
A1LV9WFFOA3OBZ	0
A20YPJGVCQ5W6J	0
AF9CSZZBG6YS7	0
A1LTACSBR25MWW	0
A25M0ZCALO1J57	0
A1RLQXYNCMWRWN	0
A1LSIZSCPRUWT7	0
A25N1OCRPOMZL	0
A93MIN4UFXI8O	0
A25NXMKVEQOVQS	0
A1RDM8SEQSL8AG	0
A1K5965WQSAL9	0
A3GEKT2LS4QLR5	0
A1D5UIZD890BID	0
A14HY9Q6YP6A4R	0
A14CRLBLX6JI1C	0
A141FW9KFSBRD0	0
A5X4104WK0MUK	0
AVY3O7JJCN2I1	0
AVYAGQ0FZLRZ0	0
AW5WQ2YN1U5SV	0
A2X52ZZ0CVVTSJ	0
A5UZPT5S85NLN	0
A4K62U3YNR5NN	0
A38EVPZMWKB4LE	0
A38EGOWSOIG6TU	0
A137GSDGWFMPYH	0
AWKVUDT16GKES	0
A38BZGTYUUX4P9	0
AWP73V0V4HHMR	0
A2KW9XU0KYRTQ8	0
A2KWLOBY7GABA0	0
A3845G5NW1T2WB	0
A383ASQ4OO7XX5	0
A2KWQGFVIXEO34	0
A3807ERH6GYJT7	0
A5PBNDAZLSRTR	0
A2VY0KKY033E1G	0
AWX3ZDHFL986N	0
A2L33L3AJ5YDOZ	0
A2LACW1KRHHYQ8	0
A2WZMBKZILC20T	0
A4OOJB9FD317J	0
A1WYPL0OTLHH7Z	0
A12XEC6JZGEF1C	0
A38WKKM4BPEQWA	0
AVD4SILZ5H3L4	0
A2I3UTH49P3QME	0
A4EBYIKOMYFF9	0
A33NQKGRUIE0C1	0
A39YF9AKNEHMDS	0
A2IAWF5MGTH6A7	0
A15LOTBKMJQ01X	0
A2IO3UU2VTPHDT	0
A2XCS1RTTMO94F	0
A15CDUCJVFPNOB	0
AUL30OL8FV79K	0
A2ITZZV0Q6PWQM	0
AUNBDDYPN7OJZ	0
A159WCF5886K3M	0
A2S8GDYIGBYWJ3	0
A1579PMWWO8JTI	0
AUT0MYSC0CRDE	0
A2P5ZUWQPMAGYI	0
A154LF7THOX5E2	0
A2JAFQIM3EYVED	0
A2XCLJRGFANRC	0
A2XC7BWUEMSQMC	0
A33UJFFBM248KM	0
AV3AUFSA1DXVZ	0
A1501C38OCSEMA	0
A14SM4DIPN22MI	0
AV9X330TSNAG1	0
A3967Z0ABRLBIM	0
A14RI643SRLVW4	0
AVCLZD6OSWV0I	0
AVG0EHF4KM94I	0
A1DAHDBQZR7N0K	0
A37I944YYCOMCL	0
A37CW30CLJRAJQ	0
A35Z0OLXH3GC00	0
A2MXEAOG7S0CDV	0
A51H3TJMN67TK	0
A10OMZPEEVEIAN	0
A2N4QQNVTDKWPE	0
AYQI077QQYQKR	0
A10O03WA13RUU0	0
A10NXGLR5OVG49	0
A1WFFHWCSLYUD	0
A35JVJVRFVWGH3	0
A53N6OID1UHB	0
A35H40TLDOUOGB	0
A10IQOLWLV5JG7	0
A55KKJB1XRBXM	0
AZ86VB6VPVW83	0
A55SOEODIIMLA	0
A10CXN30QESV2P	0
A351VBR74THM0Z	0
A10CRW7XRJBJ2G	0
A1WAZ8A8GCA1PZ	0
A108TM6JIPEPIC	0
A34WOFKCX1UE10	0
A34UXWA3X3GIGG	0
A2W5TO1D65ESLG	0
A34TJWAE58M0PS	0
AZT1RA926E20O	0
A2O2E4BSYIPUPV	0
A2O433DVDDGHF3	0
A1VU9Q4VTFH0U3	0
A2MT52B8SVEOVF	0
A37HSDRQJ71Z3N	0
A50AHGMIOOYHL	0
A4ZFUO38Q12QA	0
A2LDPM3FVUNQV8	0
AX5CZ27P6ZUIC	0
A12LS74R1VSW8P	0
A2LKJDDKVC87WL	0
A2LQWDVAZ0RUV1	0
A129RG6M8FK6X4	0
A129K5G1RWD1AB	0
A2WWU1TK8ZU4NZ	0
A2W13VOVIQVF1Y	0
A1WO3NF40ZOYL7	0
A1VR27AT4Q7OIQ	0
A2W1YM1T54N0SD	0
A36W18FJZKWEZS	0
AXUJFOFQZNTN	0
AXX1DR5HE8EA9	0
A2W31Q06MFO6AC	0
A2OIPC2V5JCKJP	0
A11RKUW0CWHM42	0
AY6LJ50DLL8M9	0
A11RIT79IRA0G	0
A5LFSVFSWLGNJ	0
A2O9MTL5739QGV	0
A117Q3W4LPC9VL	0
A34AHOC0OXMR2K	0
A36IPIXTD35SMF	0
A36HTG0DARLDVD	0
A114CAD225LE9R	0
AYGS30W7KQ2IC	0
A110M2KRZB0IS3	0
A2MQYDVGSMDVBK	0
A4E3VT0VPUUF6	0
A2VIGP8GKLRWQI	0
A1AODA0DCSV4WY	0
A3ECY2MV6623WC	0
A3EBCOCAZV2VJC	0
AOHJ3SXZ1AF8S	0
A3EAE1CJA9B3YV	0
A2ERXGKYG74VKG	0
A2ESG4AYM4Z6AB	0
A1BQD247VSY7YI	0
A3DRUNLXWWD7U2	0
A1BKH7WGI7N5RN	0
AOTWMRB7TH9T0	0
A1BFYSPSU0F8L7	0
A1XO14IVF1X1FT	0
A2PV6CPP3WMVYV	0
AOAV7YRGTS2BF	0
A2F24DKF3EF4EG	0
A1BAC58U4QZ2KO	0
A1B30D2NSWQA3F	0
A1B1QSO9D555DL	0
A337QRWT1HDUD1	0
AP61ORT216N6L	0
A2Y4QT3UW4AHZW	0
A3CTM44BRINEVH	0
A1AY3QFDTS3ZZQ	0
A3CR00VXZOVHZI	0
A160PW94TGPQN0	0
A2PMSR5ABAALQA	0
A3CKR7UEZ29I0R	0
A3CHDYI6EHGD0X	0
AOWWEF4410SQV	0
A3W4G6YWTL7IUM	0
AOA4UW4XMPQAU	0
A3EO101IX93AYU	0
A2DGMBU95VLFEZ	0
A2DHBOLCVKTKNU	0
A3G45PZ02WDZJE	0
A3G2JW3KQKC0BG	0
A3G2BKZDSDP3NW	0
A2DLFARWWFAU7E	0
ANLO9UATJ7XYO	0
A6DTK66VNSNPE	0
A3FMPT5IH0CJ50	0
A3FMDN9ZO1I5MO	0
A1CIQEJQBMP6MD	0
A3FK32NEOIJ2N5	0
A2DWSBW6PQ8WC7	0
AO6BS2NVR9RH4	0
A1UOVYR0ED4C94	0
A2DZXABJPTOXB5	0
A3F81HOEN1GCU3	0
A2E20GZYBH18XP	0
ANT0S4MDP25X	0
A1C6FWJETHAMSC	0
A32XFXSK2NSWYC	0
A3F1GM4M940BXH	0
A2E4PZM2S7ETMI	0
ANWI9SW3LW5PK	0
AO155FAZUFRB6	0
A2EEHCSVK7T2IP	0
A3ES644U91HF7U	0
A2EHO9K020IF4C	0
ANSFFSC7WLVAU	0
A2FXPS2AKD51C7	0
AA2NYDU4NBTON	0
A3CDSUYJZ682D6	0
A2VGSERYPBGHLV	0
A17E3NBADNTI3X	0
A1AMS02KVZ81GK	0
A3B7OVQT0VNHBH	0
A3B5OH9EE8WX1	0
A1X9RE3J400EBG	0
A2PD1M6UF72HPK	0
A2H8O4HU55MLNN	0
ARX1TXLW7VVGT	0
A3AU8KKOEQOY67	0
A17B0OMTGBSRW9	0
A33KB7TEN9FR40	0
A178P2JNCGTILX	0
A17N49XU8Z8R2L	0
A178LMUI4Y1RBZ	0
A30Q7HNAJAMQXU	0
ASHO96ZB8AL1Z	0
A2HHD9IDAQF323	0
A174HNP78HTXWK	0
ASM0TJ0EWUF5J	0
A5YXBRGQ21HPT	0
A1VAHZVYDI6SYZ	0
AT0OA73GM3OYK	0
A16U5IPQUPMEXY	0
A16NH50TOP4LLC	0
A3ABJPUPYIZD44	0
A16LX0WS2L5DGL	0
A1630NB3IQ2B7V	0
A3AQ13Q4XZICS1	0
A2GSMBVYNDX62N	0
A33FOXW120HLUQ	0
AR5MV29VSZ9H9	0
AQI6XI2E3VKZE	0
A19MC9L4XIFO5R	0
A19NYI5N6T479S	0
A19A3PVE3OM3CZ	0
A18WKEP1NZZN68	0
A339268DP3G4U1	0
A17QA527FEBNO2	0
A2V5C2L3EDQ93C	0
A18J2EN2VAKHQX	0
A3C81TIM97JB2L	0
A64O0QRBN9IQ	0
A2G5NSIBZ4YST5	0
AR75HZA85VATC	0
A2Y1UTAMTXEQFT	0
A2G1XHSBTXY9WJ	0
A1XM5DQ8Q4JNZD	0
A2VAZN41X1SE4T	0
A183VX9JGPARDF	0
A64NUTE3FGYSP	0
A1A8JOD97WCQB4	0
A3BM49GNHZYNVQ	0
A2VFD2FKRS7GMD	0
A3BK4D2VQ9HYFZ	0
A1X9TDA1QLX63M	0
A1UQYXX3UZMH89	0
A1UGX53S8ZKSGJ	0
A6FXAHAI8ML2C	0
A5GPH59NDWJRB	0
A8PRJVJKLFUXI	0
A6ASMNY137OPH	0
A5ICDCQD68SN4	0
A30FPY23SCYMSB	0
A8FL4NBE1C1TN	0
A8Q61N6UCZVAF	0
A6K529AZD8CNY	0
A30Q5EEU4MTW0W	0
A1R9U2OOP95CQY	0
A1RS61X6DFPUCL	0
A1UQUDT2Q0YENM	0
A6YAXC9TWNGCC	0
A7CYSMZMYOIS0	0
A1RXJD5B0PF3Y1	0
ALAH2IZM9AN4E	0
A2ZXRGS1W431YW	0
A17BBFA5H439J9	0
A17DFH9XTXN4X6	0
ARAGEC1CRPAYH	0
A2XV7VO7B2296N	0
A18FDJ9Q9II2BY	0
AQBVKW25Q7SI2	0
AQ9UQK6HEQVJH	0
APSTQ8FUXR1IL	0
APSJS8SNOEKUK	0
A1BDO8IJDZCP9	0
A1BMFJCCN4VOZC	0
A1BUFEA9Y7EEFA	0
ANQEI0DIT3LUF	0
A1CSD31W1OTDF	0
A2UNJOHMSNMVQ0	0
A1DN7BFJCQVOHO	0
A2UGSSW5BH8YEU	0
A1DUZ012R1NDJF	0
AMD7U3Y5SR2M7	0
A1F460NLF8A7BF	0
AM6GUW3806SQ8	0
A2UGMA0VH20SOG	0
ALZ6NYVCU517U	0
A177L1HOSEVXQ2	0
A2XQEU59A2IOJ9	0
ASZEH8XP0VFF2	0
A15ZTSBNL56ME0	0
AZZSESC35RSNM	0
A103B5CCPS04JZ	0
A10BSJ3VULGHSX	0
A2WC0XEPGB7KLB	0
A2WDZ4SENX5KKI	0
AZ2V6QQJBHF4D	0
A2WI0AW48ZBVQ9	0
A2WKD1P3MP2WIM	0
AYOMAHLWRQHUG	0
A10QIV2NCUF5JK	0
A10W3MOS0SK8PR	0
A1FSDVI5NC5OZW	0
AYDKQ0LUZZ4MF	0
AXKCFGN6411MY	0
AXHO3E10QHF1S	0
A2WYSHL1HYNFIP	0
AWTNMCWT5Y75V	0
AWPQDIC8RNRS3	0
A1397DQN386E18	0
A13A1QD0I3G7PS	0
AVXK1HLH1TKZM	0
A14J4O0OENU4WO	0
A159N08WJAF683	0
A15MNSG479AU4S	0
AYB042Y7AW888	0
AA33NUNXXDDUX	0
ALNFHVS3SC4FV	0
A1G60ANYI0HMEU	0
A1KTUN83EOUTGU	0
A1L6PD52EJ98IK	0
A1LBYNNA0N9675	0
A1LPXW0AG9PDZB	0
A1LQ8WKERJ49KS	0
A2ZD99TN9M1NU9	0
AFDKSN82SU7SF	0
AF6RXDJEUB2Q0	0
A2ZGP3XBG19CIL	0
AEM192DI1VDJO	0
A1MBZOI8FJ2VNC	0
A1N1SLW6LN0YSY	0
A1N57Q26L0G3F	0
A1N883KAZECGRP	0
A2T7WVG9ZU5VRM	0
A2T5Y8LR73LYSK	0
A1O5XICSN3MDBK	0
A1OFE9UKC3IZVI	0
ACE2MR0Q4RNKE	0
A1OXMWMT1KDUQY	0
ABQ7HQG6LCD48	0
ABPKX6GR3PRJD	0
ABIJZ37JA0VOO	0
AGNNRH85BM2EH	0
A1KFETW4PU0NRM	0
A1KBVJDNXHU8M1	0
A1K4RDT9ERE5RW	0
A1GD15M60TBDYO	0
AL39H0JPKN8O4	0
A2U9BFDJGG3Q23	0
A1H2WJSALF3E9U	0
A1HAIYQFY54VBD	0
AKSUWBL9DP74T	0
A1HBQZEEGCULC4	0
A1HDQXBXT8QR2T	0
A1HM9ZCU43N6XD	0
A1HPXZPXE50KKI	0
AJX9A4Q19UTJU	0
A1G3LQTNG8V4HU	0
A2YYXZHT4RHW6Z	0
AJTMUTYTCUH4Y	0
AJL83XLC3W6A	0
A2Z349JWDHEVR9	0
A1JPWUFBU7ADLW	0
AINYQ992XMVTW	0
AIKAY5P2MDYFD	0
A1JV4RDIF1QTIJ	0
A1JWKEIRE7TNKN	0
A1JWXP6CF31OA1	0
A1K1K123BLIFO2	0
A1K2MC6NMBC3V3	0
A2Z1I4XIP3RZ2B	0
A2SBNIVJ5TMUUX	0
A1VT4BAXU8WTRB	0
A2A4JX4VK40HWI	0
A3BISZB7NGPNMD	0
A3SI1DID5XY7Q7	0
A3SH8DL9RJGT7C	0
A32X6K24OYOWWY	0
A26R40Y5W3CUQ7	0
A38I0D8BI3UCEF	0
A2B35MXYEJPVWR	0
A3BCPZSP0NZX2D	0
A3B4P0CGGDN8LQ	0
A3NP4B4GP0YCBS	0
A3RWY905OIIBQO	0
A3RR4Z9W5A3OO0	0
A22CW0ZHY3NJH8	0
A2QPYK7GSMQN4Y	0
A22DAAC80X5NM0	0
A2RYJBGBV98W7P	0
A3NBZ3TBPGVUV6	0
A3SPIQ9I0XSEXX	0
A2PF64RBR1G1SZ	0
A3C8MN2Y4N5KFX	0
A20M625JHPQUQ9	0
A3718PDT2WSKP9	0
A3HM0QTWRG4KZD	0
A2G449X3YMO7G9	0
A27Q1VGAXOCO34	0
A2CN4W7WER75VM	0
A3RM8MXD73L1C0	0
A31FL8I2C1WV32	0
A3C0AMK32BZJG1	0
A2794DTNJX7SR3	0
A32LKHQGJ8Q9A0	0
A3HR85INTD4FIW	0
A37V5O0REIWMAT	0
A37ZG4QLIBE61L	0
A38B9KDG9WKKL5	0
A27IELEAAISD54	0
A20D2ZFUVB06QI	0
A38NHXL5257E3B	0
A38QLESOXKL2P9	0
A3AGLWCGTR5JCH	0
A39LFGHRFZMIDY	0
A2RUJURWWC44NS	0
A2HIFGGSUCF7J4	0
A2IUQDMI14ZT0K	0
A241OTD9QZ0Q0H	0
A3J4OY2KFHO5TU	0
A2RPBEE75O71E1	0
A3J23PJTYBN8EH	0
A3IUXWR0MZC60M	0
A2RQVB09DQ0OV0	0
A2BI17R30EEPX7	0
A3PP1KBWQKN4O6	0
A2I58BOPAXK8AO	0
A3A54LIOMG2KR4	0
A3QE874ZVA13CO	0
A39B10EMFTS0BM	0
A23EX7DR46MW5K	0
A3OSLLYYBSM3QI	0
A267XCR8NWLIH1	0
A38UE0W0FG9GBO	0
A2HDXVFWJ7PRBE	0
A3QWGIO1WYZ0ZH	0
A25MOB0DSP3S37	0
A3QRMCXTPQPSJU	0
A38XBQHS6DO5RQ	0
A26IAWIOK1ZIII	0
A3OA1DSK2D88AS	0
A2BUPFYUOFL8WH	0
A25JFWB1JAFT52	0
A2394RT0LN8QI4	0
A3AN7WHP4DJDN7	0
A3AHD0JYKU8NLF	0
A23C3GWI1ITI87	0
A2KETUOZTO0MN9	0
A2HH0YXGZLFUZT	0
A36XWFUJLHM0LY	0
A3F5Y6O5DSETMB	0
A2LVQ5M00EGJJY	0
A35QM64B5N3UX6	0
A35RIALIL53ETV	0
A2DTA3P6BGNF1Y	0
A3VF6QTIIRG52N	0
A35V0T6ZAD21TH	0
A35XBZCM771TU5	0
A31AGN83M5XE77	0
A29381YVBY63P5	0
A1XXEP0R83K13A	0
A3KW4B9O46WOIO	0
A1Y03DOSTP3ZWD	0
A36CL0UNF90IXC	0
A3KXSYT9L78F4	0
A36DCKZLRR9KWU	0
A2EMNXKUPGIIYG	0
A3KRF7OYCO3V71	0
A36GMSB9VZU6C2	0
A3VUB16U0BR7FN	0
A2NETUE76V8M0P	0
A328O77SVJIAS6	0
A1W6947O0W7SFK	0
A3KC3R651RVH8M	0
A34NYI54WWYAAK	0
A1WJNMN676RP7R	0
A29U8EASOWZ7CV	0
A2EU2P3XVM91A5	0
A34XDRSWYY0LKC	0
A2SAP0F6B8LM8L	0
A34XESX1FSG7VK	0
A2NYAXTQ9HDUWA	0
A3KIGCIMU0J2WY	0
A29GFUF468GAI4	0
A34CE623TDL7LU	0
A32NG5NI0A7JUP	0
A3DNWYJCZHJC0W	0
A2MLA2QEIERMOZ	0
A24FQ4VIE98WVL	0
A2LVYIO2XB7MXH	0
A1Z5RFY5AYTSP9	0
A288OIPO7ZECYI	0
A2LW5AL0KQ9P1M	0
A1ZGYR8O1IU3JQ	0
A3UGI2N4L1GWGD	0
A28GD7XSI40W4E	0
A2FT6SS295GODF	0
A1YOAHJAQ3KNDZ	0
A281R6UQT78HTU	0
A3CC0WU8IQD97S	0
A3JSOOSCB09VQJ	0
A3UUB1LFFCTMLR	0
A2M7SF04WEDW4W	0
A27YO0IV0OU5YL	0
A36X607D43CYU	0
A2REIU20P3S7SG	0
A2FHX4ODHRHGLK	0
AKAL75NZQG8SS	0
A2Y4RC56DWV5JH	0
AEQAFYTB2NQGO	0
A29JZ68RPB0GI5	0
A2ZJGK4PCXOOVN	0
A32ZXYVB3SB2BY	0
A3NG2HOIPSTECW	0
A32HDUN67ALXJI	0
A1GP7SFKQ719HI	0
AKHT4QLV2LOVH	0
AIFN8URMV7J8E	0
A24OJFE3D9WU2K	0
A2BEOM8XY43OT2	0
A2YW37LJM8FYIH	0
A3M3I2AHCGQV7F	0
A1FQAQO2VKWRN	0
A1HCVZAHPRAO6O	0
A2VI3F4S881Y3L	0
A27XH49VOAK167	0
A3CE4GLQLP5O0O	0
AE057I77JI7JY	0
AIP7X9PXRM3KY	0
A276RHM6BBPDTY	0
A3CV684WT2FKJS	0
A17PQ7FSO34RX1	0
A3LBT5VPKHPXAE	0
A1H4D9AB1SJCPE	0
AGOS889EYCZ6I	0
A28M21AGN18JV3	0
ARXBH3FB3VYSQ	0
AJXMKDYNVSOKJ	0
A33FE8NR17Y1AE	0
ARXHS9FMEZRY0	0
A3N9XJQKR3F2RQ	0
A2TPO27M6H33RH	0
A2PWOJ24VCHO5V	0
AJ7VVCALVT8KP	0
A3BUVUH2OZFG7F	0
AOUMA7UWG681B	0
A3O1R643VJFE9H	0
A3N8G5KAO1XHB7	0
A3O8RF2RYKR8PK	0
A3AQDCLYPN8RRD	0
AF8A3JY9DN9IM	0
A2B1O5K18LC81W	0
A2A7BRILAQ4OI2	0
A2EZG2OANP5R53	0
AOSFJ5K5933P	0
A31QF68PV1XWGK	0
A26EQ8U96JA92T	0
A162VOJ6CEW8KK	0
A2LC6LT5CGDODT	0
A3H8JMFZXZ5ERQ	0
A33ZQAI5SUB533	0
A1TQ36QKQT2N93	0
AVN56D7BWE606	0
A2CPSLKW6DC416	0
A1PBVAS4IQZZ9F	0
A1411TPFIDGE5G	0
A1PC2G2UJ5H4WC	0
A2C6NG7V7ELOKG	0
A228BUXXQ7SP4B	0
A1THXLK8F5EX0F	0
A2OQQT3X2H8BVB	0
A1TAM2LUBMOOF4	0
AY3KLDSGICEUQ	0
A2BY4WIS1J6CDA	0
A1QNCQMHBMKPH5	0
A2KUCUF6UEMTK5	0
A315PGQ04GC4PL	0
A2CDMQQELK4VML	0
A1R3NZ5YF1AU3F	0
A12ZWZ4LSG3Y4O	0
A3T9ZRAQLS9KO4	0
A309Q7UF99S18Y	0
A11Z4T6V45G4WV	0
A3067IZ1N8TUTA	0
A1RPVFGX9DAA42	0
A1SZ3RTWBYNQQ0	0
A2SJYTHP18V4HN	0
A1RTATNIUEATS8	0
A8T1ORO606MJB	0
A3STSDGL6M407S	0
AVI2D0AIHVLF2	0
A22RGI7ZRQ8ZWL	0
A2N720GRIHXHO5	0
A3Q4UDNT6USV7S	0
A39QVWAGD2O9VS	0
ANIF71QTX7IP5	0
A2O2822VQN2HFG	0
A2Q8ZLO9SKG28J	0
ACU1MBQ7T5YL0	0
A356GM5OM8GAS7	0
A2JSR4LCTUTV6Y	0
A2VKC5BSW6H53D	0
ACGHGSL27S9I9	0
A2UMQYMN4EF161	0
A10CGTF3GZ2V65	0
A35BVC0ZG17QJ1	0
A3QSNF3WWPQJJZ	0
A3VGMWRATH95V4	0
A2UL15CMBEYDNE	0
A3VQ4MRFLGGCS2	0
A5HEJKS191AVN	0
A1OXB70YIFU89C	0
A14KT9JQH718BF	0
A2KH3EOZO3DRCO	0
A101C2665VHZ7E	0
A1SGKV9YQI2WGI	0
A1CX0EXRMEKW5	0
A4ADSHOO8LA9R	0
AZNLR2VJ1YVPE	0
A8EWYI4DZQ6BL	0
A59Y0ZV1VX46K	0
AY0GMMOFUZPKD	0
A1JOANG98KBFKU	0
A1T02GVM1RLT3W	0
A1WEXZBHVK0WKX	0
A3LGJB5VCT0Z4T	0
AJ7UNMW19N6TX	0
AJ92NEC62V29W	0
A3355TU2GYGQQ3	0
AKBQOHGQVXUUZ	0
A3DES0CCH5J5BP	0
A40I7UOIVQ2PM	0
A2MJBATBZJL6T1	0
A1Y6XEK1GVCG9A	0
A2Z1N62W8YH606	0
A2F7KPIXQHYKNT	0
AJTH9I1D13ZOB	0
A3D1CJV6TKQUTD	0
A35I8XPEGXCBXO	0
A2D81IOWXGD3AW	0
A2FN9NRMH551OH	0
AIEDQUA2QQYDW	0
ADMPMN7TQ30IU	0
A2AL582V4PXFWL	0
A1SBUM00RCDDF0	0
ARXIGHAWK0B7Q	0
A3R0THTT8FZHXI	0
AS02L8NQWZBEW	0
A179W82ZRC7D6T	0
A231LBC8EGPO5L	0
AZZT1ERHBSNQ8	0
ASDEJ8NCJP1IH	0
AF3ABGFRV40W1	0
A38ZLOU0IJHJRH	0
A3NHWJDAUZU61I	0
A3QOK68RA24N9M	0
AV4C4IS9GZB5J	0
A3Q88BVXVJSCZF	0
AD44I332F78CC	0
A3Q2H96GEYT6UW	0
ADBJ3C13LTD8L	0
A2IQJODU9ZEOOI	0
A2BHK9O173K52M	0
A39WK6DH0C8LIM	0
A2BJGIMQ44K1JI	0
A2IE6LCN9W5DXE	0
A2ZOJ6XDUKZNHP	0
A2ZAFIWPFIQGC4	0
A2JROMDHVIUSKB	0
A1Q6BKOJ230RM6	0
A1W2QUQJOH6MP	0
A3MF9WNO9YDGO5	0
AHMXX783FD5K0	0
A212FU3V1GBB9V	0
A1RDXV1JDK4YX5	0
A1NQLTN01DG1K2	0
A278544YHUSEZO	0
AQUOZX727VIFO	0
A3I3MHV3XID20G	0
A1GNH16F36FDNQ	0
A2XWY76V0JYE1D	0
A2XU0WA0ZTOLY0	0
A1R2ZEPU3OZBPR	0
A3BJ4TU1ZK6WL1	0
AA0QINK24YP0J	0
A3SLC8F6VIWXIR	0
A2ZZVWDEDN4MR9	0
AO7CB0ORJNMZ	0
A1CANGVKCCXCHG	0
A2EC4861EOT72E	0
A2EKKVI841KAC7	0
A1CQ582JDNIMS9	0
AO2GZG0N16FCD	0
A1CHLH4C26NU40	0
A334PVK3R9HFZM	0
ANN45X8GFCJA7	0
A3FEAPR9HUW4DJ	0
A2QHTHGY1918Q7	0
ANVAMBJX73HFT	0
A5ERTDVOHXILF	0
A3CYRFIHPO8J5C	0
A2KNN1DSGPCBT3	0
AW7MWK5HQ232Y	0
AWFMQK6VDSNWP	0
A38CJBU391WLWS	0
AWXM1CJ0F4SYY	0
A2LAS014NSRW72	0
AX3MHYS57PZBQ	0
A378IT708JRHL	0
A2OMZBBW8SE8HC	0
A372JAYQJU1F79	0
A121FEVXZ8AEF2	0
A2LY4B3VOG7JQC	0
A36LUC5RV0Z98R	0
A2WM486YXQ8D5K	0
AYNTULRNAIPNY	0
A3617TIA0J5W2P	0
A2MZVAHJ5U4OUT	0
AYTW4XZMZ7WR7	0
A35J8V529D6MM8	0
AZ4ZCUX2UNXDV	0
A35AQV3M6YS6JI	0
A2OE7MZGXWBPQO	0
AZXX5N2AH6WPN	0
A2KL3RHALFSTEI	0
AVY326HTZQV9C	0
A38VAJH2E4NAT4	0
A14QZB5UN72CRN	0
A2FIR7IL2KSG3J	0
A2UT40AEM12EW5	0
A1AOG14D07H0C3	0
A3CAOD3ZTIVTUP	0
A19WEEGB05YAZ3	0
A2G7THP7QR9NSR	0
AQKN0LR4CQY28	0
A19284DX9QYBYI	0
A2V9DTXTQ5YIMK	0
A3BD122EPHIO8W	0
A2HG56M832Q6DF	0
A1BGMU4POIUSP9	0
ASYQ98QGLG86A	0
ATE00A21U4YBO	0
A3AA9BC5QEKHKO	0
A16HTRUA6UK6A1	0
A16E2NDY0BNEZR	0
A16BFX66AW4EA5	0
A2HPBG4XL0UX0H	0
A3G9M1U9LZJG11	0
A33KI6NGIAXW34	0
ATZVK01ZD0FLL	1
AU7DDT6DINKL5	1
A39U6NH56FPQKM	1
A3AFCTBPJ2D08O	1
A3GKZQNLTIE3DT	1
A3JK5V7MLETTNA	1
A2O59ABAZIE8UT	1
A1MR0YFHCSYADT	1
A3PJSPCIPKCQZI	1
A1U8XJ70B95KBV	1
A24T8OY1AE0MHL	1
A30VOS1GL2PDSO	1
A3W13IO9HMT917	1
A1ZF39HYSMINEF	1
AF30W6VYOTF7H	1
A3O9F8ZI5TOE4M	1
A24NHILYTLWA87	1
A31XU9F08HSNG9	1
A3W2DZ2AZ6EIJL	1
AFP245YT0C4CZ	1
A1KIHI72Z4FY0S	1
AGS3OBWOTTHD3	1
A1UUTZ3CJM9UZT	1
A276OI0NHBYORX	1
A27J2Y7F97MNJB	1
A3258AIQI17ZEU	1
A3LV42NBFM829N	1
A25N1DTJOUMN7P	1
A1N1Y8HKMWDOKQ	1
ANAN3CF77MMQG	1
A24G62OMEFDAM8	1
A1T4H85SQ8SBX1	1
A1SGZO8UDGYLMP	1
A7UJ1R5RW6P8X	1
A2S2KHYZ144DL3	1
A1TBBNB1TC7RXZ	1
A1TCBV4E5R44DX	1
A3TAEZTGDMRCA7	1
A9NX8LA3K54NV	1
A1Y5LKQWZOW0UE	1
A222FK0Y3J0GIL	1
A6YFKAG38OAAW	1
AB3DYMNAGZ2ZK	1
A6VISL7PKH9YF	1
AB9M5QR77RZR	1
ABTLAK5ZR7B5Y	1
A1OTCNDCWN7XZN	1
ACDA5U6PZFX27	1
ACTY7Y3E7RD5M	1
A1O7GS4P9Y12GO	1
A3VJWQF8LK542W	1
A1NW6WL4CH3XZN	1
A1JIXAJ1HVTDM3	1
A1WZW62Y25EEC	1
A1ZE56EBLYAKBL	1
A5M2G7RUQBI5X	1
A2UFI637FCK3GO	1
A28Y4DAZH0VXKW	1
A3IK4LVT9OD9LH	1
A3L2ZBKEM50GAV	1
A2U65XOK057RNL	1
AMS2CPERWN7JV	1
A2QKXW3LDQ66P5	1
A1WXI7CNL53RZU	1
A1HEBBV9LQT1H8	1
AN3GM5JEPUID5	1
A3KPZ745IQH28W	1
A3KQQY9BGBWI0W	1
A1IKBIWNTIC6KA	1
A1WGDEQCX7C852	1
A1IOJ3D38A6VK2	1
A1VBSVWWJVPQQH	1
A3AQN7QNLPN221	1
ATT7HADVGS4L3	1
A3X2IXBYAGA0O	1
A3PRGCC4N6DF1E	1
A3KPA8VMBBYV4J	1
A15J313X9WRDNR	1
A2JPIGOUCMCOBD	1
A1O3A6GS1L73FS	1
A1KTYZ2U91M9EL	1
A6Q39MDZEJ3NK	1
A6TODBFGICSKI	1
A13CVE1T2SPYJW	1
A3SB1KLQAPVP9Y	1
A1DR5ASXWI9UNJ	1
A218YZQCYF04RH	1
A117MV0HUKFBTJ	1
A2WY52YD5GAEIB	1
A347E4VFX2VETK	1
AXS8527WRWZCI	1
A1NWQUWPMC20MC	1
A29A7G2BZKELLT	1
A1LZ6SX4P0T4SB	1
A2RI0U344RENSI	1
AI5E5BPARSGJF	1
A28K1R7XISSCWP	1
A2UW8BT3ECYVTJ	1
AIEOD0D3SE5B0	1
A1XGS9XDLLRADG	1
A1JXPJQMJJ7K5Q	1
A36KI378NMS09P	1
A25CYJ1NFIY2J8	1
A3AE40IFAR9385	1
AKQFRLE1KIQJU	1
AEJPJM2E43OZB	1
A13JXUSM8LBRVS	1
A13G1TKIKHGV3F	1
A4MPX9G36GG4O	1
A1CLOF3PUWJUKZ	1
A1TQA6YZYQVJBC	1
A2DVZALB8C2955	1
A1VMMMFNAMF87S	1
A3MYBQ5RXMZ43	1
A10VVD2S6W6ICO	1
A242BISFVXPN4Y	1
ASFJMQN9COPPQ	1
AVG94XRRBMR3J	1
A1KKYMJO7JOUHE	1
A2DD1K2URQ2CGB	1
A26XQ560ONOYCU	1
ABLUW533DJ03T	1
AVB5VIN7D7X50	1
ARU9C0XRMM5SR	1
A31KX4DOWBTSH8	1
A2821JHS6G012Y	1
A1CVX4MNZTOH7S	1
AFJ2YQDJH8974	1
A3BF7NP172I3WA	1
A1TTZD2SRBE8K2	1
A36A6U0RLUN7C3	1
AUV3OR951650C	1
A3VJBFTUXNAEN2	1
A10F15DU5XF86H	1
A1Q9UVHD2PGCVU	1
A15TPMGVDKLKVU	1
A24DXJ2BLNA1OD	1
A26WHR1IP0A250	1
A321GFVMF8K6P	1
A3QKLJFC4QHX6O	1
AC5KS1IGR28LA	1
A21CK5ZZM6SCM5	1
A1A6GFCU3GJ5XT	1
A1YGF6C1I3QA4G	1
A256ETJUW8C9BQ	1
A1PTG3ZYN5ZCJA	1
A148Z0GAPZRHM0	1
ATL543XFXODDK	1
A2OZFHUJOYUVVH	1
A1549N12WU81AS	1
A1ENGDWZMUH0IC	1
A3FBBNENDCQ7H8	1
AUH64XS2I16IH	1
A3HZMOBFFPQ1CB	1
AI37UHKQI4JXO	1
A27WGWACHNQUR4	1
A39H1GO9E3YQIB	1
A226VGZWOEBPGL	1
A1KTONH2QMMZ59	1
A2W89DJXDEVCKP	1
A2MGKKRXNW2F80	1
A3AZPPL9YXI6MT	1
A1TBLHXFVWYQ0B	1
A29D65FWH0ZD24	1
A25XQLJGGA4EWP	1
A19H2QSSZEZDND	1
A3BX2GDD2QBPWY	1
A3BZUQXA2QHDI2	1
AOQ2IB802NXAQ	1
ASJU70M3GED9O	1
A2AGCW9F202N4G	1
A1MNL6EPKGAEWP	1
A2KUDL8WG3M64F	1
AE5F9VTOODLBB	1
A9HEM904OZ9YU	1
ATJFGD2U7UEZP	1
A1PAWK44WSZD83	1
A1DMU07D5NMQY8	1
A3T4UJT2EMT9D8	1
A7W6K1ZG1C4U9	1
A3U1XUTGPEO8XF	1
A2REWGVQ206NX	1
A16ZROYKG27HYY	1
A3J5XBZ9ZNEZOC	1
ADLYO655RWJUI	1
A2PKXH1QGTYXBO	1
AFZ2HKBIF4UVM	1
A2RT9GPAMSKPQW	1
A2S6QCNNN8AK91	1
A3NOBH42C7UI5M	1
A1OXCD0BV1ATC4	1
A167LI5AE1K00H	1
A3OT09WKSRKPFV	1
A22H0VM1D2K93H	1
A13QOK3SKIT9QL	1
A2DP0A04WM5H70	1
A23YGJWPJ7JEQ1	1
APQAM24H6MCPS	1
A2G5GEB5F5RUEB	1
A2C25Z1J3DYFOU	1
A1C955T0YL4POA	1
AQXLY71A3OZBN	1
ARHDK9ZCOOPFS	1
A1HW58ZPHSG39U	1
A2GN32FPTYJK4B	1
A1BJUHUP2Z53AE	1
AF8SREA2XE7BJ	1
A3W18UYYL37FVH	1
AQY55DYVD4LFT	1
AN9OXGUUAM781	1
A3NBYQNXUYI4E8	1
A1B2TIX9F7RG8Y	1
A2T83XXA4GNC4W	1
A3N9MO23U90R0Z	1
A1R72XQ3L6DIEP	1
A1PNQBECG6A907	1
ALN3B0VN3TTPF	1
A2GHRHRWXB9056	1
AVJ084LBRTQZ7	1
A3PSAYKLJH5PIP	1
AQQ6NLEH6NA25	1
A4UWNRY0WWECK	1
A39MU947PNXRW6	1
A31LW4NG1QG4HM	1
A1Z0XZHCGZNNS0	1
A3C2NH2Y296R4B	1
A1RY5J3MZ5H9IG	1
A1TYNCGMWYLOI1	1
APM0MJX0D6GAB	1
A2JF3FZZ3PN5DK	1
A3JJY85ZCNVBLR	1
A2H9H3BVFNS3Y0	1
A3KZLIEGCSSM5L	1
A1A11IG5FO55TM	1
A38K9LXWKBXRBA	1
A3CCTUWVIXOXDX	1
A29N1B370UZAIW	1
APYHSY5CVS48I	1
ATOZKTT32HZQQ	1
A39ON8YQHXP1MB	1
A1DUF1G9JLKPST	1
A2I1F8B3Y09VTQ	1
A2HOI4JAQDNPS	1
A2SLINMZ4ZN53V	1
A2LAZKE6APCL1F	1
ADHKA6X1GZA4U	1
A1PTNPLE0UQLQI	1
A12945RSJ6UKPM	1
A1WOLYSTSPL4FK	1
A2F29ZE6OSBCUZ	1
A1X5K5AFPF2LNJ	1
A2VH4MV6N6O0HT	1
A22RLA634EOB46	1
A2OVAHUCB6QE9Y	1
A3KL84BPQ51QWC	1
A3R13XE6WE24CU	1
A2W4YUCM6MZIJ1	1
A3UZWEFKTPZBZ7	1
A20Q7MA30524QI	1
AX3NM18HYF4DV	1
A20SHWNY89U5K5	1
A2L0NZR1CSYSBP	1
AF5AJ5V9T6LTS	1
A1JC0BR1N8ZFSU	1
AQXG8FJANG281	1
A32DLMQJRF8XJZ	1
A3719IMXC3P7O9	1
A2QDOJFFLFGF18	1
AZQMCPLOMGEUX	1
A1OGUSVDTTWLS9	1
A2HC9549CZAKNN	1
A1BY3X5VLBBBQC	1
A2161FSD1VAOYG	1
A1R1BFJCMWX0Y3	1
A2394OBNZ226S5	1
A1DE59A1A0802B	1
AGDN5XJ2HO19E	1
A2GNZITHG06UE3	1
A34SPFZIHHN907	1
A2XZP9KDZX5OM6	1
A208Y1ZPM9OUNF	1
A2RYWPOL4NN2KG	1
A3GPR4SKRP0QNR	1
A1P62PK6QVH8LV	1
AVU1ILDDYW301	1
ALFRMOGTO1K4M	1
A2PHU93HM4AIJ7	1
A2503LT8PZIHAD	1
A2OS7CFQI4DWPT	1
