A2VBDMX9W6GKIE	0
A38HMGVK3DVE4D	0
A38GYNVQVNTUAZ	0
A38FQWHI4RKP2	0
A38F7RNQL47F7X	0
A38CJGJMZ1OGEJ	0
A38BZ5DXNQFF0J	0
A38HO6CGZHVJVW	0
A38A8D8R67GSU1	0
A389YYUEDAV5RL	0
A3881AIBQM8LWD	0
A386UMF9419ORR	0
A3848PBX2RR7WH	0
A383CWRB0JHSYA	0
A38303EZTU9180	0
A38A7HEXW3B1FZ	0
A381UCMLEH7YC5	0
A38IJPCYS1KO1I	0
A38KRM6EQYO3F4	0
A391NWGHB689O6	0
A390FFLYKFO1XQ	0
A3908BXFBQMTQO	0
A38XY9GEB11VLC	0
A38XUQWTSMRWQH	0
A38XBQHS6DO5RQ	0
A38KP26L686KFG	0
A38W5SXXI21OR6	0
A38TXEJPKPU6Y2	0
A38TBKO0SLBQIJ	0
A38RQGM8YBOZUY	0
A38ROI5TMLXJFR	0
A38QLESOXKL2P9	0
A38OZTCZ7S8ZEM	0
A38UHN0ULFLQ8N	0
A3952OT8XKZQU0	0
A37ZK70X5G94AP	0
A37V498R507Z2B	0
A37473A70DL3T9	0
A372JAYQJU1F79	0
A3714X8IVT50LS	0
A370F8A679ZMC4	0
A36W9GX11JP63H	0
A36U1WV2R0HJKQ	0
A374OHC6RA20CW	0
A36T7ZPJ7UJPNM	0
A36ME1GFQYLL75	0
A36LXCP083LAC3	0
A36IPIXTD35SMF	0
A36HN1BH173W7F	0
A36GZ89GWF491D	0
A36GTRIGJH81K3	0
A36N8P9GUD7I77	0
A37XFSJMH34C7E	0
A37676X1SDWUMO	0
A3790ZT3EMRHW1	0
A37TZWW0MJXTZD	0
A37SUPHQA5CXUN	0
A37RS6K0AP1DQJ	0
A37NEEBD6PA1OR	0
A37LCXVNBSY1DP	0
A37KHNWSU0H34N	0
A376SJKHKCGZYD	0
A37JWHY859MDA9	0
A37JDC3SJXS0US	0
A37IRE9GZ0CZ7I	0
A37I75119N5ZK	0
A37HSDRQJ71Z3N	0
A379UELGO4FTZS	0
A379AU30UOVLAK	0
A37JK6CEYJNYAL	0
A36DCKZLRR9KWU	0
A396X9BTEA9XQU	0
A39ANVSTOM4L6H	0
A3BHJ0X6E5FPZ8	0
A3BF84RFLVT83K	0
A3BEU9OA557VNH	0
A3B7TYB45Z0NY5	0
A3B4P0CGGDN8LQ	0
A3B32BGA1FHFS2	0
A3BPF877QLUMTG	0
A3B2VJUSR64PZ9	0
A3B1B6GMSEE5JV	0
A3B0V9XGZDIYPL	0
A3AYQA6I2X409T	0
A3AY5WR2O95SMF	0
A3AXARFO85CH8H	0
A3AVGL8JD3AD8G	0
A3B26EDA8BG84N	0
A3AU9P1UAKRE2X	0
A3BPNKBZKA70AI	0
A3BRLR78RHW0HD	0
A3C5TYI2Y8ZK1Z	0
A3C4NRQ1S7AZ60	0
A3C3UE33WVTDMA	0
A3C3CHMEF0SF9F	0
A3C2Y5SH0MTTHS	0
A3C2JDNCKNXYU3	0
A3BQ2AH6QKCX74	0
A3C0ITW2XGIU1U	0
A3BYW68E9H610S	0
A3BX2GDD2QBPWY	0
A3BVWDC1KUAP9Y	0
A3BUZTQRLKV0TB	0
A3BTI607V9J8BS	0
A3BSYY0BV623OY	0
A3C0BMZK09W765	0
A3973LBOE0HXLU	0
A3ASK65AAECE8P	0
A3AMWS89U3RUO2	0
A39W5E10DFRHHN	0
A39UYA2ZQ6ZYFD	0
A39U6NH56FPQKM	0
A39SX7VZWV39C9	0
A39RBOM2GGNQ7W	0
A39QWHWI6S2MMY	0
A39W8D8QDVSYLD	0
A39KSKNCIJCIC6	0
A39KKN4JTMEHE3	0
A39KFA2FQBFDTG	0
A39K8ENCMD856X	0
A39IMNMTHJ4UWC	0
A39IHGDTC2FXWL	0
A39CT0N8V9ZY85	0
A39KR7WL4UFEQ9	0
A3APYNJK1A0SIW	0
A39WWFZ7L4JPNQ	0
A39Z3CXK0FRQBT	0
A3AM6KVOZ1YHZN	0
A3AJNP76RWQKKM	0
A3AHVQH9EPJ53Q	0
A3AFCTBPJ2D08O	0
A3ACLI5SAH7QFF	0
A3ABT9V3KH2LO1	0
A39X63ZD7TGBCS	0
A3AASIB19J3KCY	0
A3A96NFWRFS8HB	0
A3A41ZUNH2VZDP	0
A3A3YG4XF7TQAC	0
A3A28JU14L7U2E	0
A3A19D9UM3ADCI	0
A3A01A7IEW5YVF	0
A3A9PO7MOY5P1U	0
A3C6BH6WEOJA8R	0
A36CC8484PZQ2G	0
A36BPQ8M20ZAJH	0
A3358QQPICOYKS	0
A333BKFP0GRPE1	0
A332EMNCQP0AYI	0
A332A3AVOWIGRF	0
A3327OZWS9VBFP	0
A331QU82QX095V	0
A335GUD1YBS31U	0
A3308W4I2AR06V	0
A32YUP83U6YMBB	0
A32YTKZANAG1GV	0
A32YRACP8ZK7FC	0
A32WFHUR36LAU2	0
A32UD2E4W6GN3E	0
A32TP45DKR7C6S	0
A32ZD7MSZXOMQO	0
A32R8PK6I8BSZ5	0
A335X606Z9UGJ	0
A336TKP1YVY11U	0
A33NM05NK0A38K	0
A33N616WPZLFQL	0
A33MQZGWEZAE38	0
A33LHU3XE0WXC4	0
A33IHA73EKEIQ	0
A33G3CQRQBJGGS	0
A336S4RU1RBTQ	0
A33FY8JSMC27HS	0
A33CY1L8TR5JES	0
A33C8UC3TYVZW	0
A33BIN0VIKPF3A	0
A338UR0Q3EG733	0
A337RR9YZQUL4	0
A337EWQPM1T6DG	0
A33FE8NR17Y1AE	0
A33O9J0IRTRP6A	0
A32PC5LN2CCDG4	0
A32LGPHLU1MJJX	0
A325NRS4NEAV8V	0
A324G557ZMTUKF	0
A3245LK9GGE3CD	0
A323OO5MNRH2H5	0
A321BD2L5FTMKM	0
A320S8XT42PXG9	0
A325X0MOR8U5AR	0
A320G0DCJSWVXK	0
A320ATPB6MZDTK	0
A31XWQWSUOK29M	0
A31WVMJQQPV75L	0
A31WOZWME75YBT	0
A31UW1TKN3NHQS	0
A31UCCSC2QE8O	0
A320F8B3CAQ7KY	0
A32OECGJYAEYJ9	0
A326AXD81B8ES1	0
A327L90O8ZYVDJ	0
A32KYALSBMTXJY	0
A32K8W38EBKVB2	0
A32JLAMQ9WC5PY	0
A32J6MY2OK3FY6	0
A32GVELNB0F93	0
A32FUUNQ8SQ8JC	0
A326VFA53553MI	0
A32EZCRICSFPBC	0
A32DEGN13L44EJ	0
A32DDBG3IEGDRT	0
A32D43SNW7X71K	0
A32B9EHZ3IDSRE	0
A32B0B52P2GZWP	0
A328XWHT9X8Q5M	0
A32ERNRPOMSU3L	0
A36C6WVZKSG4XB	0
A33OKKQNEQ0Z5R	0
A33RBA5LEA2BF6	0
A35QNVQXUIVMKV	0
A35OUL04VLODIK	0
A35M5D0YO125C1	0
A35JFEUY06VTFZ	0
A35INA6YX9FD92	0
A35F6A2ATHMK1S	0
A35QZN6RI9DMHM	0
A35CUQ0NJ7VELP	0
A35B98OFS8E0HV	0
A35B3YCCCHSQH4	0
A35AOL1QE6BRIO	0
A35779LECFIY3J	0
A356ALXAC5COJ2	0
A3531SA1N60JVV	0
A35CH4YO0NWTD0	0
A352YCZBGNIM51	0
A35V0IB005203U	0
A35X7KDWY8QX4P	0
A36AMVCL6E9ADO	0
A367LYUEB6UAYG	0
A366ZWJJM54R1P	0
A36697PPVMMEVA	0
A3667X2ZVIOTKN	0
A365AXRRHU67QL	0
A35W0QXOGBB8JK	0
A364WOFFLB5V4Z	0
A3626P3XH7DUXM	0
A361PR5UO9MPPD	0
A360YPMELYSSDA	0
A36076R70W6UYL	0
A35ZXUIB8UQ78C	0
A35XO5YH07DZ4X	0
A362Q7RWAXELV2	0
A33QSHYM6KR48Y	0
A351LW6A21NYV1	0
A34YHYX6E820KW	0
A34AV0PWXNOCPQ	0
A349ACYBUI40UB	0
A348NTU1YNFDXS	0
A348ELPSUFIV6A	0
A346M8XUM6Y56B	0
A345VRQKIYDI71	0
A34C7Y32JRDB9D	0
A344LU701BF3FV	0
A342GH8C6ND3HI	0
A341CNT0I4GPPC	0
A33Z777YWGDEG8	0
A33TG1RU9LOHJV	0
A33RVHQB7TU8FB	0
A33RPOUIH6YHOM	0
A3441T2Y4N7EB3	0
A351DVGO5QV1OA	0
A34EB70GP3V32X	0
A34K7XK54FCNT8	0
A34Y5ET7YO3PN0	0
A34Y4OFQZBYN2U	0
A34XJ6W16JOXQU	0
A34XESX1FSG7VK	0
A34WIR3VOM3S5V	0
A34U87RQ96QSNM	0
A34FN4VOO35QLX	0
A34SPFZIHHN907	0
A34QZOUJ58IHN7	0
A34QHL54HTG5UT	0
A34P4DQ2AUXRTJ	0
A34ON7ZLOBNOCD	0
A34MZFV74SZ0RB	0
A34L8KWV500IHW	0
A34SAQVIO463LV	0
A31UA3M24OZSYG	0
A3C9X1VB0AU0P2	0
A3CB88OI3LGPCX	0
A3JA913POTU34W	0
A3J67XAM3KFVEH	0
A3J5UTJJDF0QHM	0
A3J5FRMMZ8NN8P	0
A3J3KWAITGWHCO	0
A3J1EXSDUF70K0	0
A3JB2CTGFAQ5Z6	0
A3IY5MX9Q5YF5L	0
A3IWBR9KOO1O8H	0
A3ITRPI3JHQIQX	0
A3IRM17NZDANN8	0
A3IPG8XJS73G2U	0
A3IOFRUBOMHS0A	0
A3ILQ8FTEG20KS	0
A3IWLRH4QCA140	0
A3IK2QY5RO4991	0
A3JBJAY6F4CXFL	0
A3JCXHU3I5J7TS	0
A3JQOFJ2IB1YMF	0
A3JORVU3ARAT8M	0
A3JNDY3FJ9CXIQ	0
A3JMFWI85WEZJG	0
A3JLAQ1DGYZMOL	0
A3JL5KLFO5S9OS	0
A3JCOCIS1C397X	0
A3JIS28MR1XZKR	0
A3JGJ4EFEV3MZD	0
A3JEZX129TGGDF	0
A3JELI1UH620FO	0
A3JEC1WY2XMXM3	0
A3JD3I60GJ111W	0
A3JD01MXP7VJWI	0
A3JHIRTZXXS14S	0
A3JRXPY87AKH7P	0
A3IJWJ0UX567V9	0
A3IIO144AJV1GV	0
A3HTU29EBJ819P	0
A3HRZU6SBMASK4	0
A3HPWCO03NENL4	0
A3HP7DN53XL7F6	0
A3HNQAG5SARE8M	0
A3HN43TF07QPKF	0
A3HWZE7FNEYPLP	0
A3HM2S2DR01V3S	0
A3HJTCYTIPHG8S	0
A3HJNPYCRW5C15	0
A3HJIBYN5Q88R1	0
A3HIRUTQ76YBYQ	0
A3HI02I4DDSPG2	0
A3HFKG67H2UGA9	0
A3HLE1I4BV9MS	0
A3IIPXEIR4X54W	0
A3HXDQCTSJJEH8	0
A3HZZPER2JX1V	0
A3IGCDWEOWQC8P	0
A3IFE8MEWNSMRE	0
A3IF3MH8YY8PMU	0
A3IEYX3KKA5YOZ	0
A3IDN3HMB2ONH2	0
A3ID3W85MZ4NQ2	0
A3HYS0UFN5SQW5	0
A3ICSXSMKZA1OV	0
A3IB3CHTYNXJO3	0
A3I847OITTWHKI	0
A3I7JMXYX4XLE9	0
A3I0V63NFTGYQO	0
A3I0F31E0WZZB6	0
A3I0A0J26WR2EO	0
A3IB4CQ2QEJLJ8	0
A3HFGARL8DACP6	0
A3JU3J38D8VOHE	0
A3JZ1KKXGJDX9U	0
A3M3ZY1NE17WIE	0
A3M2U2803IED3X	0
A3M2ADDIWO2EW9	0
A3M014RXOO1KO9	0
A3LZCQDC7C18Q	0
A3LY73BM829N95	0
A3M7ZH58AVWD5G	0
A3LXX1D947SKQ9	0
A3LQIABCI5KZSO	0
A3LOVXADK0SEZG	0
A3LOBB0PR0W50W	0
A3LO7SBUGJSG9O	0
A3LLEX1R9IXQSO	0
A3LJM6341BSKJS	0
A3LVAWFMWRSPKP	0
A3LI7XAN5EWSV4	0
A3MA50UQ92X4WZ	0
A3MD4ECHC64O7V	0
A3MUR8UPQPZ7N	0
A3MTAV8EPXAQHP	0
A3MRBWTCO7A27D	0
A3MR217OWPBDXI	0
A3MN484XDY9BYU	0
A3MMTQWTKUHXH1	0
A3MC0KI0MRENRY	0
A3ML8OKN9IK561	0
A3MKFV1W305L2R	0
A3MK01YCBFII7O	0
A3MIU3IZT3UA7C	0
A3MHTVFVSTIWRA	0
A3MHAX9SWWSXL7	0
A3MFYZWONZPI9N	0
A3MKI8XV2GFL2T	0
A3JVNX1G6YIY3Z	0
A3LG77R06CVE94	0
A3L8PN76QHTWN	0
A3KD1X27DP27T5	0
A3KC53NUQ2WGV3	0
A3KBNO844QQTF3	0
A3KBMF7OMTL4V	0
A3K9XPY93ADL0O	0
A3K9SWVK618UXR	0
A3KDMCH0B59C5F	0
A3K8ZU1OZ09K7X	0
A3K6ZFQ4LTXQYP	0
A3K6K5IOILXRDH	0
A3K6ECZV05NJVL	0
A3K5EWS73NT855	0
A3K3LLIWUEOSBP	0
A3K2YO9NEJP2KQ	0
A3K7OBSVXW1574	0
A3LDIGEB4WVHAY	0
A3KFMDNTKHE9AO	0
A3KHIBFERCW890	0
A3L7EPI58LILB1	0
A3L4CGJ0N62L2S	0
A3KYTAIGHGNJ2C	0
A3KYOW8SYL6FK1	0
A3KX0YN2KM0D7I	0
A3KU75VZW2KXNH	0
A3KFV1OC1YRDZS	0
A3KTE4131BE8YQ	0
A3KQQY9BGBWI0W	0
A3KQI79ID9P6WG	0
A3KPYU8RYALU5F	0
A3KO67TZE3M9DM	0
A3KMDGXBTILJ17	0
A3KKC5TGBVE697	0
A3KRFFV261JTUS	0
A3CAHZDBO9TUBP	0
A3HDERRVNW6YKN	0
A3H621LDZXTW29	0
A3E1XOCFOTW2WL	0
A3DYZ16SFO19RV	0
A3DYQVR2124IBZ	0
A3DY4B9EG51ZZ3	0
A3DWF09M21XOFL	0
A3DVG4S59Q3U0P	0
A3E3H2OF6HQCW9	0
A3DTZRCRHPFH5Y	0
A3DSKUTAE46S8A	0
A3DS86ZZYJM693	0
A3DRUMWL6A3T5U	0
A3DPMLLWVMN19X	0
A3DPEO02BUJUQ5	0
A3DNG1X75E4BQ3	0
A3DSO7X7L31K9	0
A3DN6TC6A6KOAF	0
A3E3H8FHCWRWFL	0
A3E92BCBY5YZ62	0
A3EU76NEQYNPZA	0
A3ESOPFSE86463	0
A3EPW18FRTJL7Q	0
A3EPI2774PURJZ	0
A3EL2MUI4WDN93	0
A3EJ31A3EXB8WQ	0
A3E6JO7H00QFKK	0
A3EIJB675QY3CH	0
A3EG5CEVY8FZI6	0
A3EFXA3FC0K3OZ	0
A3ECY2MV6623WC	0
A3EBODGAI88CD4	0
A3EACG3VDW1EM4	0
A3EA3416DQDTER	0
A3EGUU08UTM0GD	0
A3EWFWUD1GTMM4	0
A3DLFSKBUOSYWK	0
A3DL5DZ1PQZRVC	0
A3CY2DKW9D7AR4	0
A3CXMSZH7K5U2I	0
A3CW6GRFT1N7OA	0
A3CUPBG99HW056	0
A3CU9JGZ04XJBO	0
A3CU5S1XX5E1L6	0
A3D01JGRI4DJZ3	0
A3CTNLCC7T2H0J	0
A3CLLRK6DG3NIM	0
A3CLGU00RHB8AW	0
A3CJC6D13PP1QS	0
A3CH3XIWNFRZ0	0
A3CGCO59N7WMY2	0
A3CE40ZVD2R3QP	0
A3CLQ2U59HGL7M	0
A3DL9I1JOJOC6J	0
A3D2KOGE5Y9M0B	0
A3D405KQOQ85YZ	0
A3DL01QI533VC0	0
A3DJWMIBDQK3QM	0
A3DJCD5TUKOM8E	0
A3DH2B23QO5K2M	0
A3DC95VDKZU9ME	0
A3DC74MZ4TOY8C	0
A3D2V5YZN28NTB	0
A3D9IPWKBZOC5U	0
A3D8L21FZX6CST	0
A3D8I1P1ZYHZA4	0
A3D818XKV9EII9	0
A3D6VGS9NQUZQ9	0
A3D5RGJ3DG1YUC	0
A3D56YWJ4ZY9DJ	0
A3D92E4L360KBM	0
A3H93N0C1CSU20	0
A3EWTR1P19R6IW	0
A3EXQ72KAOQPSE	0
A3GI8S24HJSI6J	0
A3GH9UWPMI4TWS	0
A3GGJ4KO4Q4YRU	0
A3GFQ0HZ9QQ439	0
A3GEFJZV4GIR1R	0
A3GCM8YAWAVMC1	0
A3GJ9I9RE7KQ9E	0
A3GBT5E8FY5YKR	0
A3G9WZVY369FT6	0
A3G9HDSKPGG6TL	0
A3G81N09F3S9Z1	0
A3G7W9PLM22BQH	0
A3G7VQSBYNPCGS	0
A3G716XB5BS3BE	0
A3GANUWACYPJ03	0
A3G6HD3TNAHSAO	0
A3GMETY4USGB23	0
A3GNRWGTI6AB0S	0
A3H55LI56MS4D0	0
A3H4MA37U53LDH	0
A3H38WZ8SLMILB	0
A3H2W879J4ML2P	0
A3H2J4EW5CCBWS	0
A3H1DP20EM72PM	0
A3GN8HP3WKAJY1	0
A3H1D4G59UEYQG	0
A3GWXU2FHZSYLB	0
A3GVN12986WA35	0
A3GREI235QLAEJ	0
A3GOTT6W6NT8RA	0
A3GOPVHU4KN0K4	0
A3GO84D6LW04I2	0
A3GZFJCSIKWEYM	0
A3EWX11WFQSS5G	0
A3G63IAO9YHF1D	0
A3G52IBW39DXTN	0
A3FCHR4KJ7FXKN	0
A3FAX08RY7VEM4	0
A3FAWTEE6164V6	0
A3FARQW1J9HG5G	0
A3FARHUTUL2D7N	0
A3F8SDNZZB2YRY	0
A3FCNEHXB5SL4M	0
A3F6ZHNZZ2TT2S	0
A3F3COLYWHAQF0	0
A3F2R6DT3YOAIK	0
A3F1GCQ4K7GJUN	0
A3F164GEJLL3BF	0
A3F0KFGE8RIJPU	0
A3F0J0KCV6T46L	0
A3F57LHIAS69O6	0
A3G5ANLL5LMJ95	0
A3FF99H3G7BC34	0
A3FGFD9YMXZ42N	0
A3G48SOFLPJPDF	0
A3G2KWMHHUHCE	0
A3G0V05HFS0RTD	0
A3FZ9N62U885TC	0
A3FXK2IPJVA524	0
A3FVEHV0PJEME2	0
A3FG6KWUI7KT3Q	0
A3FUPRJHOENDLR	0
A3FQE6N1IRE61B	0
A3FO157Z8WUM7E	0
A3FKAA5R50MQVM	0
A3FJUZASW3F8PI	0
A3FI4LPTRIWFK8	0
A3FGP40M8EE5T2	0
A3FT85HSY12U0J	0
A3MXEJF97VD5FF	0
A31TXHYGTAPPVR	0
A31N29I6PZB6A7	0
A2NJ5PYO5FGYC	0
A2NITLEQY7EUD0	0
A2NINSH0QZ6MJY	0
A2NHZ6WFN0NZRY	0
A2NHUF98SMR2WP	0
A2NFXCZ4B9MP5G	0
A2NKAHI7LTAGEX	0
A2NFEMMHMTA7VA	0
A2NDC2PMI4NI7X	0
A2NC99P63BOYD5	0
A2NBHOZ1BDLUI1	0
A2NA0YK3927W66	0
A2N6ZCRHOSOM0Y	0
A2N6NLJWTZYHSW	0
A2NFBAP0ABD4NT	0
A2N3OSHOOOD2O7	0
A2NRAZ3FG470N3	0
A2NUVAN6PJ05QC	0
A2O9FWNNGWV21Z	0
A2O87QMFC0MZK	0
A2O87HRBT3E0JI	0
A2O7WPLWHD2A4D	0
A2O771ZZ73YBKX	0
A2O4DDVZ3KLBLL	0
A2NU3BA05436HK	0
A2O3MFN4GYJC99	0
A2O2LU58PD7Y16	0
A2O0CFHZ74EYMG	0
A2NYDOJV6HIRW8	0
A2NX5JCZQL04OE	0
A2NWSYZI2SCD3A	0
A2NWFDJ9F3TTXK	0
A2O2UW6N8G34OY	0
A2OBBINFA5QUIC	0
A2N30Q9DG5OGDI	0
A2N1GN7JOBW8ST	0
A2M926OQF24YSY	0
A2M7BBYQJBLRYM	0
A2M6WHDTBRLXY6	0
A2M6OFCY3WGQZH	0
A2M6F2XO9S2ZQJ	0
A2M62T5QA53J2L	0
A2MCK35CNXXHEQ	0
A2M5XWQP0C42F3	0
A2M342YYA5TND9	0
A2M2N3Y0KGS4YO	0
A2M1C32PDH32C7	0
A2M1BQY5353PLW	0
A2M0BULBK2X2UE	0
A2LZAJO6RYN95F	0
A2M4J0UXBY45CW	0
A2N29Y2SJWS7IR	0
A2MD0UHR86AL3Y	0
A2ME5GFRYH4KB8	0
A2N0QD6JU3XEWI	0
A2MTN8CCISKYE3	0
A2MRATVXMMZG7P	0
A2MR82LDOMM09H	0
A2MR44QNQ84PB4	0
A2MQSRO70U8SW2	0
A2MDNT3KJDNPFS	0
A2MMRDMCD46847	0
A2MISNDANNRUSI	0
A2MISCPU9A4V25	0
A2MHQQRXQESSNG	0
A2MHG3QNBXIQMK	0
A2MH4ZW9OPFI8J	0
A2MFLA06HVXNXY	0
A2MMO1P2ZNEUNF	0
A2LWE8MABOS985	0
A2OK7M30PFBC10	0
A2OODZPME5H74	0
A2QQEHL6JLLLQ9	0
A2QOK43CTC77O7	0
A2QNM8YZ6OBSV0	0
A2QLRSBGITM8TF	0
A2QLO1L4XOHI84	0
A2QJAZ43HK74KF	0
A2QQV21I70LY4G	0
A2QIJ84M3E16N	0
A2QEMJXZ5SDTZR	0
A2QDS7ZO9INPZB	0
A2QDLD9UREGHI9	0
A2QCE7L6GRE3MT	0
A2QAQZQWFFLV5A	0
A2Q6Z7S6HQ58NB	0
A2QERG8P939P4H	0
A2Q6IU3ILB5CO3	0
A2QRL999DVZPSO	0
A2QS5MH9OXXNV2	0
A2R83K7G8KL9J0	0
A2R82YPVG1PL8P	0
A2R6U4HKYIHBYG	0
A2R51RW9V2YFPY	0
A2R0N2DRQN9S0F	0
A2R0HWI0UCBF60	0
A2QRM4CRZCAP2D	0
A2QZHJW8YKPFPD	0
A2QXOKMOWCLOLU	0
A2QXOFMLFC3RQH	0
A2QXD7XQCO6OR3	0
A2QVFYN58BPSEF	0
A2QUZW3Q5H15JP	0
A2QSUL3E2L4J5	0
A2QZ90Q889GBUP	0
A2OL32GN3UD72	0
A2Q60I4JNZ1P1M	0
A2Q4JU8UYM3W31	0
A2P8TZPCLQDYBL	0
A2P8TGCH2XVL66	0
A2P57A14VKC7GU	0
A2P3O1B7QPP10Z	0
A2P3JLL79ZOBLQ	0
A2P13Y04B5L31B	0
A2P9Y5JTTCUV28	0
A2OZX3OTNVMPWF	0
A2OVXMSS2IULHE	0
A2OUCODZYS4NRP	0
A2OTYQYUZIVC9	0
A2OSRM3ITIKWNS	0
A2OS7KLNYWSVOF	0
A2OPA38VZ4N7S6	0
A2OW7FDXMHKVQ6	0
A2Q5KKJGAF9E07	0
A2P9ZJUBMADXG9	0
A2PCWH1SPAN1DG	0
A2Q3TBWF965P49	0
A2PZG4KQZ455DI	0
A2PYVK9H6NHTMM	0
A2PU9KAGYDFZ02	0
A2PRFQ9MDSLK2N	0
A2PPL34DWUTB14	0
A2PBQLY8KO88WJ	0
A2POVKL934OT4H	0
A2PMW3T8QQNPD6	0
A2PMCEIA67VQEZ	0
A2PL30PQLEQ6C5	0
A2PI6FHTP5YQ7U	0
A2PEE7FBVPL8HD	0
A2PEA7A64DYTNB	0
A2POMW08SMOHH7	0
A2R9RPBWX1XD1Q	0
A2LW33IXXGVD34	0
A2LT415W6AWJ72	0
A2IXZUFWAEY2T4	0
A2IXG2229IGNHI	0
A2IUJZOOUSTG85	0
A2IQKZ4060UDZO	0
A2IPDJJ88CB16D	0
A2IMYZ54W6IDU2	0
A2IY81PXGFK0JV	0
A2IM89AA64K1SK	0
A2IKHGC1RVX7TV	0
A2IH0O5X0TWT5J	0
A2IGLATWMJYCYR	0
A2IFLNOFGRH13R	0
A2ICEWCM31W961	0
A2IBF31N8P9FPJ	0
A2ILXO3ZV6HQF	0
A2IA4AYLYKLR5E	0
A2IYO937PQT7JF	0
A2J10C3JIZM24E	0
A2JHONU93QXUVN	0
A2JE3P1E5TOED4	0
A2JC3NNXBTY45E	0
A2JBG6MD5Q9DJX	0
A2JA611Y2J047T	0
A2J8Q36BOUFFNA	0
A2IZZTY6CZURJW	0
A2J7ERNF903OQB	0
A2J3EQB87H8VL1	0
A2J3B67R5ZIJDZ	0
A2J3508QW4OLS0	0
A2J21EGH29YJ1	0
A2J1NC721YS9UC	0
A2J1I2CXUX1UEV	0
A2J53XWYRIIPMY	0
A2JHVTC8LYMZ21	0
A2I9V9HPJD4WK4	0
A2I3SQUVOONC42	0
A2HJ31CO884JQ5	0
A2HIW9DUO6RKP2	0
A2HIFGGSUCF7J4	0
A2HF4NJ8NUE870	0
A2HDZKQHZHQEL3	0
A2HD74853D2HQY	0
A2HKKAZE078N92	0
A2HC9549CZAKNN	0
A2H8FB4P5X372X	0
A2H779E1L8MCGG	0
A2H293POT5OW10	0
A2H1UZ17P8YBW9	0
A2GZSB8AH0PD7C	0
A2GXIHF1NLTSI2	0
A2H9M1OH2RAU3Y	0
A2I53PLVF1ER5B	0
A2HL14WZ57ZC9W	0
A2HLHLKBCZ1WB5	0
A2I1QS4PTJFN0S	0
A2HZS2OICQWKEM	0
A2HYTQLQ7SEX72	0
A2HYJOEPSMC7L0	0
A2HXNQB6LBDQ0B	0
A2HXD5OH0070LB	0
A2HL6P2ZFH6TKH	0
A2HVMZLMYU4QA0	0
A2HUAPR2J2HUQK	0
A2HSTO50X60C80	0
A2HRUFY876QCWH	0
A2HOS9SO6JL5JR	0
A2HMXAN3P0NFLO	0
A2HME9433G8V5U	0
A2HVLI3SKTP5WC	0
A2LT9FARQA4X7H	0
A2JIDQE50MFC85	0
A2JJMYPDN2BTZO	0
A2LAB1YMHOH64Q	0
A2L8YJNGOWSGGZ	0
A2L8U68IAEIP6D	0
A2L8S5WQVDFKB4	0
A2L89T3NV2FRL5	0
A2L42MFTXGE1IP	0
A2LAFF9GH20G6N	0
A2L3G63Y2MLM9X	0
A2KZH4F3LQQ0DD	0
A2KZ94JX3BC69X	0
A2KYOR5EASK16W	0
A2KYIOEIZSEYND	0
A2KXK6A2HTUA0Q	0
A2KTUCSS5IZY2X	0
A2L0NZR1CSYSBP	0
A2KQ6ESTBMYUFX	0
A2LAK8O4OWXA18	0
A2LB4SYC5S70K9	0
A2LRDTSSP3RVFE	0
A2LR3ODIU71J9I	0
A2LPN2ZMYB0LKC	0
A2LP752IFMLJ4B	0
A2LMMTNP90CP9T	0
A2LLHYSLU0JNJK	0
A2LAL31VZDG2NZ	0
A2LJWZL116W226	0
A2LIC1YVQTCDRD	0
A2LI1L5F9KD4LF	0
A2LFRGKNR7DZ10	0
A2LD6M3DK8PL2K	0
A2LCDZHW8ORCWL	0
A2LC7FIQME5SIG	0
A2LJDXBBU6AZJ9	0
A2JIQNP8QRDPMY	0
A2KOTS2XHEYQGD	0
A2KMKGZDQYPSL8	0
A2K19R6A9JGL30	0
A2K0Z0B8U8T6MZ	0
A2JZMI5DXIE5UP	0
A2JWIBS1O074VF	0
A2JUKRO8OQJ8WP	0
A2JUIDRNVZA762	0
A2K36R7NE7NNAN	0
A2JRFQ963WNW8A	0
A2JNHUPS45GYXF	0
A2JMUZ3VRLCEAZ	0
A2JLUMPKC0YGCE	0
A2JL8UJKNLRW4T	0
A2JJT2SCXJAW9E	0
A2JJP1A1AJ90F	0
A2JOJUDJ68IW04	0
A2KMUPCPKW3FF5	0
A2K3QJDYFC0NTA	0
A2K4UO6NP0GXPX	0
A2KJ2PFMWTF7X0	0
A2KIWYYAYC1PBJ	0
A2KIOQJ0W5C3MZ	0
A2KIAQ4FOM5D16	0
A2KHBJSHTZ3Q9W	0
A2KH3EOZO3DRCO	0
A2K41Z0ECLHY9P	0
A2KECBF222QWAL	0
A2KBPS2RYYHP39	0
A2KANK5518AD9F	0
A2K8WUQ4FIY3LC	0
A2K7YAK9S4Q3VA	0
A2K6BNQKR28ZV2	0
A2K52594UUAD4I	0
A2KD5M5FJL5TL4	0
A31Q8L5HMY1Q03	0
A2RC7DLS5VAD3W	0
A2RDTC0U3KFCQI	0
A2Y8IEIU6IRHVA	0
A2Y8GWZ7JJE445	0
A2Y70X4RB9ZOMI	0
A2Y63YA1FSM3OF	0
A2Y2M8505DJKA1	0
A2Y1U8PQ942Q57	0
A2Y8KGX27SN0JC	0
A2Y0EH3ONVK1P	0
A2XY4J05F0DDL5	0
A2XXMPSDBQHJVM	0
A2XVQFWD6JZSRD	0
A2XUMC7EBS8YCO	0
A2XSE73XSZNE62	0
A2XRAOQAIP1MRX	0
A2XZRHF1BJXWXI	0
A2XPG8FBW1MPA	0
A2Y9BE1L30LOYL	0
A2YANUW3OEZGDR	0
A2YQ7LKHRTKBQG	0
A2YPYGC1767C8L	0
A2YPVXPC8OY6KX	0
A2YNJND0Q8QEGT	0
A2YN9CMLE9LYL4	0
A2YMA2P2GUKYFD	0
A2YALP1K1URTYJ	0
A2YKE1FVBY0VJY	0
A2YISOGM55E9NG	0
A2YIGMIVWWJOM	0
A2YGOOM9T989B2	0
A2YFKZ1GOOMWG0	0
A2YFEICY7TXPM3	0
A2YF24DTMZ53KI	0
A2YJWU8TKWC1XC	0
A2YRH41EUJ37X4	0
A2XOW1BOFLYISR	0
A2XNKMGEYHLUK7	0
A2X2IPUOIU30KX	0
A2X29N2LTWTINE	0
A2WZTBYE5004U8	0
A2WYBWHXSYCPDE	0
A2WXNPYQF1SG5L	0
A2WWXJBZEQS2G5	0
A2X2Q06U2YO9ZX	0
A2WWTHHN2LY7G2	0
A2WTAPSF8JUVGA	0
A2WRIS6FUE8JH0	0
A2WPT1PUKV3RRT	0
A2WOV4CW1HI0EI	0
A2WO86Z5HC5ABT	0
A2WO1H9VL0SM47	0
A2WWMLEJHFRJFP	0
A2XOV71CHXRGEV	0
A2X2X1P142DJUX	0
A2X6A645IUUEVZ	0
A2XMLHP5YUR7SD	0
A2XMBBYDBC4N9P	0
A2XLQMTZ02JZZF	0
A2XLGOUSSWBD6H	0
A2XIEJ2LTVOEAT	0
A2XI917N3DR8US	0
A2X5SS2S08PLPP	0
A2XFH52V5BEXLZ	0
A2XABAXDUFAFU6	0
A2XA7MLDGDN6SZ	0
A2X9NUQ6YI1G2F	0
A2X92U1353W8AX	0
A2X7TGPTCPHW8S	0
A2X7MKQFNZXMAE	0
A2XFANB8ROOI43	0
A2WNW6VT649UXK	0
A2YRM37ZXQ673	0
A2YYQ4SA5ZHLB6	0
A30W62RPVBM9H0	0
A30UDQSGVHM51J	0
A30RHQ5JW2LEVI	0
A30OKHWK5F9B23	0
A30O3QVV9T57UQ	0
A30NGLHAEO7XHK	0
A30XSHTLCLZGNC	0
A30MA6F1DAH0NB	0
A30HA64NMODCZ	0
A30G8SGUPL9XLE	0
A30EOA04FFHERB	0
A30DHE22AT0J02	0
A30CJ11ZPABA4R	0
A30BXM9HSYAK7	0
A30IYG1P8YRJV1	0
A30B27P6E4QZA6	0
A30ZII8EWOZSPO	0
A3130INNEWVD79	0
A31IHZTWM7S6QA	0
A31IDOFA0F76AS	0
A31HU941L5R8OY	0
A31HNQJG9QURZ3	0
A31HBWNW187J9O	0
A31G5JDJYV0042	0
A3102ZIRJEHXC	0
A31ENKIIYCGCX1	0
A3188QLRKUFG4	0
A316VCS99CF8ED	0
A316AQ8KEOM2MK	0
A314RHXSO9MTAQ	0
A314GWCSOZ16LH	0
A31368RNFV9NYC	0
A31E6POEC67BK1	0
A2YVKIB26ANKLA	0
A309PFW8T6DMMZ	0
A307VAWL3L2MWV	0
A2ZLFPPE2E9TRM	0
A2ZFSHEK4Y04OK	0
A2ZE67S39ITTO8	0
A2ZDGHLFDPPQPJ	0
A2ZBTPGZ3TWZXZ	0
A2ZBRDDMVALCEY	0
A2ZM6SYOEREMTF	0
A2ZAXQIPN6AJ52	0
A2Z991CXGJ502X	0
A2Z47NRDQPT76L	0
A2Z349JWDHEVR9	0
A2Z114GJ1QA8L	0
A2YZSQ47SJXM23	0
A2YYTKZJ1DRPGJ	0
A2ZA4GAQOM4LK7	0
A308IJSZVGXE8G	0
A2ZMK1T6NBWIAP	0
A2ZQ2LF09VP1U4	0
A307IXWE14QC4Y	0
A306REGFY7C53B	0
A305SHQ2B8SDS4	0
A305LQ4ZCT2QML	0
A3045OYEAMGB7Z	0
A3003PDQF1O94Y	0
A2ZP5XS4UXTTHP	0
A2ZY71Q8R6RVLF	0
A2ZU2NN9VL7C0W	0
A2ZT6OFM7ZWHT6	0
A2ZT2M8SF5OVVB	0
A2ZRQ1PCHP6L4N	0
A2ZRKKN0W7JNYH	0
A2ZQ5899JKD8SZ	0
A2ZW1EJN3F1O30	0
A2RDNAE5UN4L4H	0
A2WKTXRKDBXG7D	0
A2WIHN694QUMMO	0
A2SWKBZSPA5K6R	0
A2SV3QNPJRK9T5	0
A2STWPJKEK0E0A	0
A2STAGYTU056LR	0
A2SSRPEXXK6T2E	0
A2SS5WF0ZKK275	0
A2SWWTT0M42KEM	0
A2SRWRJ2QZGTOE	0
A2SO42MWOS07H8	0
A2SNZ4KSF02L71	0
A2SLWJ1BWO7P4E	0
A2SLOV8W3VU5DB	0
A2SJ3UT5ISWBEN	0
A2SI59BONCJKI0	0
A2SQWO11UKI1LC	0
A2SEM50I6OGUHW	0
A2SYNEKZX2HXOH	0
A2T9NHQTTK0TJA	0
A2TSHN76J96KR6	0
A2TPTVKVAKZG61	0
A2TPI1F2KOXASK	0
A2TOA4FHN3UD7Q	0
A2TN29AA0A4L92	0
A2TMHA5MJ4YRBZ	0
A2T0PN8JZK2DEX	0
A2TIWZ8F5BOX1H	0
A2TIVKV31JFZRX	0
A2TIE7FVRJW0X5	0
A2TF837E1VEKZJ	0
A2TD4I2POBORSQ	0
A2TA5XWB16ERL9	0
A2T9QUVB3MRI2N	0
A2TIW6JMKSAUQB	0
A2TSK9Q2YF6J6Z	0
A2SEJ6JXNV34A4	0
A2SDI48I98LSOK	0
A2RX62V4E2BF5Z	0
A2RVF4TMYZVERQ	0
A2RRAOUW25CRPB	0
A2RQ5HGH6N1EEO	0
A2ROMADINM8VU6	0
A2ROKYZED44CTT	0
A2RXAC4B9YUT6C	0
A2ROKGK4D2EDEJ	0
A2RML4BFVKSUBM	0
A2RLBMJSNLNTVB	0
A2RJRFM18MDY22	0
A2RF836ZH9YY9	0
A2RF0BZ7F5G4E8	0
A2REIU20P3S7SG	0
A2RNGHZ63V1M8C	0
A2SDZPRFOQMCAL	0
A2RYWPOL4NN2KG	0
A2S1FYWPGG5U86	0
A2SCYE452BZPNM	0
A2SBQKB157P8ZJ	0
A2SBJJ6BBS7T1W	0
A2SBH53IKT3LH0	0
A2S995OW61X7AI	0
A2S8SX1KPEHJK1	0
A2RZ1ZJG8YVU0K	0
A2S752ZZ282FPT	0
A2S6QCNNN8AK91	0
A2S6C5P0MBDG4M	0
A2S60MDUVUEYJS	0
A2S5SA0JY1KO6G	0
A2S5DZEDIN5H7N	0
A2S1XKY0YU2JP0	0
A2S70D24JJFM3E	0
A2WK9W6109Z398	0
A2TSN47U6MD1G4	0
A2TUNPD5XGKTZA	0
A2VX8QAMPDHCCB	0
A2VWLQTSRCBEIT	0
A2VVRWHI1JT37K	0
A2VVJ1OOO5EVK5	0
A2VUDX90N7P6MQ	0
A2VUCL2RL4BOSY	0
A2VXQ6Y840GTA5	0
A2VTKJNGU3KDO8	0
A2VOS9U5TQXKAG	0
A2VMYHBO4JHQFN	0
A2VJZYYEVVU4WH	0
A2VIYMFXKZQ9AW	0
A2VEX3K4QF3T6F	0
A2VEQTQC0N7T6Q	0
A2VQKZ0XRVX6PB	0
A2VCHV5C0O3UZR	0
A2VY0KKY033E1G	0
A2W1B82J6G4MU3	0
A2WID5KO4AYKRR	0
A2WG24A95BIFCK	0
A2WG0QSK7NO448	0
A2WDWTUNUNEAV3	0
A2WDF58G49HBSN	0
A2WCLE9JPNVH8R	0
A2VZTL95XLCCD6	0
A2WBMJI1ZQ5N37	0
A2W8YLAHWHJ5K4	0
A2W8OG0PP6CQ27	0
A2W8N5LF4QRMUF	0
A2W711IPOXKIA8	0
A2W5KAZ0XR8QUA	0
A2W30AJBD37KLB	0
A2WB3MO3MVXM3I	0
A2TTJ463QD549L	0
A2VCGDE810CAMX	0
A2V7LJGTR5XN0B	0
A2UAR03O6BC124	0
A2U9RGJWHSVE6H	0
A2U9HKGBUHUR1X	0
A2U8IWOFOL5A4Z	0
A2U6WZ2ZHFDI8T	0
A2U6MOQI8C1ZA8	0
A2UAR3GBRGVOG4	0
A2U5GIOTY4H1BU	0
A2U3P9L2MNVKB9	0
A2U1EAHJEMTG6C	0
A2U0TX0GK9MZZ0	0
A2TYNVKGWAY3A3	0
A2TYM2NABXVIJD	0
A2TXBGZQQHUKYC	0
A2U4UG0E9LY5DB	0
AZYSHS9D1PDCZ	0
A2UF3D96TBYYV3	0
A2UMDOG27YEQPB	0
A2V6QAM3B4TBGP	0
A2V6CFQ7LQGC9M	0
A2V647298RNCE6	0
A2V3IWTL8GPUZB	0
A2V1RX3OTQQ9AS	0
A2V1MA71VCFWXK	0
A2UGM4ESKX4JYJ	0
A2V186WTE53G9H	0
A2UY85D4K93R5L	0
A2UTM2CV3USHRK	0
A2UR1HHD8R2MTG	0
A2UQ22Q593JFGS	0
A2UMZZKTCWG0E5	0
A2UMUPXVN7C12B	0
A2UZRWA1P6FUNK	0
A3MYB4V5TGZRF0	0
A3MZKPUIJQ4P9Z	0
A3N0UGN3F0X5Z6	0
ALX0IQIMB3VVJ	0
ALWI87QA04OIT	0
ALUYO5LFOZ65L	0
ALO1VBHNHAS41	0
ALMN25HZ0AG3V	0
ALJJHGNA3U1IM	0
ALZ06EAHW1KFO	0
ALIVDRQGLL96X	0
ALEUNN0XEUQUC	0
ALEGCVICTOE3A	0
ALBZTSGWFWLC1	0
ALBF424MAW3DU	0
AL8N34BPUK56G	0
AL8AEF117QLVB	0
ALF0FIBIU01YE	0
AL7PC13ASMXML	0
ALZNT57WHMMJP	0
AM2P1OBZXGUQL	0
AMHIEUV2DVI3S	0
AMFEHZVA3L2TI	0
AMF52EZBA31WQ	0
AMF3MGSAZK7Q0	0
AMEZZER4C8SZ3	0
AMDWUSDPX48AB	0
AM0AGUN3505JN	0
AMCYNFYX2VPQG	0
AM7PAACCTW5JA	0
AM7BKAD5QRBT3	0
AM5NIO9CF7R6W	0
AM3WQEAA2ZRC1	0
AM3VL5MFXL41V	0
AM2YKKOFC5KQ8	0
AM8C4SEC6IM7M	0
AMLBYKOY6UXCB	0
AL6RIQCZPJD7F	0
AL64SMTRB7SVK	0
AKE0VQRJGA1MR	0
AKDB29XV3MHLB	0
AKBQ0KMTELKFU	0
AKAPJ8NM1JK8F	0
AK9YYAE7B04HE	0
AK803F3ZO19CM	0
AKE6VC7D3GK4I	0
AK7G3699HGMIV	0
AK5SYO2TAMQ78	0
AK3402G7FO7AY	0
AJYEFBKHEGRLV	0
AJY4XI3RBP2O9	0
AJXNHH93RY88T	0
AJULHRD0P2XWQ	0
AK6CR6NLRIX64	0
AL6OU857IOFT0	0
AKFZVY9YFXML2	0
AKLF3LJVEPMO7	0
AL3Y9X83CIDDF	0
AL3QEZ0NO723K	0
AL1QACYPULFN	0
AL1GMZIERM69L	0
AL17PM6GAU90N	0
AKZSLUJ75JQPN	0
AKJAMSBKKRIL8	0
AKY6ECJ3OKNLP	0
AKTHOTXEE6Y8C	0
AKR96YO0ES0JY	0
AKQHPFN2OYXDL	0
AKOKDEOS4Z95	0
AKODFFBTJSK9I	0
AKLXUOYWPWZ7A	0
AKTJDS2UHZSDJ	0
AJU2PGJQAZLX0	0
AMM0KGRWZSG4B	0
AMNT2KFM5KQXB	0
AOAMT5CROAI1H	0
AOABODRERCA9W	0
AO84KHY4RD89J	0
AO7CB0ORJNMZ	0
AO6BS2NVR9RH4	0
AO4YILECEI60V	0
AOBEUKTNEKY0G	0
AO43NYV6UR5TW	0
AO2GZG0N16FCD	0
AO2GWLCE9HXA3	0
AO1D53RS42EH4	0
AO194R4Z4K5Q4	0
AO03FOKETJOKL	0
ANXK2FWN5DC3A	0
AO3PSYXLS789T	0
ANWLHX547HUAQ	0
AOC4Y64MYX3LQ	0
AOJQSBQLJ4OQG	0
APAH50K8XSJT0	0
AP9X34VJ8NWOF	0
AP7MUE0N28FZB	0
AP4IIC6Q4PCPR	0
AP3F08PKII6DD	0
AP00U4ML1Z9GQ	0
AOD9XZM38NRBZ	0
AOZ2EEZ9O0LCJ	0
AOSOG740HXN9P	0
AOREJ6M604G7P	0
AOMLI5VSO5675	0
AOMBD35TCWUA6	0
AOLGY0TTWHKRY	0
AOLDIYMV8O0W	0
AOU1B0ZO5A2Z7	0
AMND5JWE3QGLB	0
ANW62XOZDRJYE	0
ANSFFSC7WLVAU	0
ANBEF6WBF24PB	0
AN7D4ISJ75IE0	0
AN4XYYUZS2O48	0
AN4TG3XIUDUYL	0
AN3QQSMSA80DR	0
AN1ZWSP5YUVZO	0
ANCE5WJO7QU4Y	0
AMZ2T334DTCVG	0
AMUID0H2KID5M	0
AMTRIHW52GLJF	0
AMRP0GD0MR54G	0
AMR5GH7SIZYNA	0
AMQZWPW1PTBX2	0
AMQ7Z3509GPBJ	0
AMWJHWNU7LEOH	0
ANSIFHFV7O9TU	0
ANCOYPEDP0KTV	0
AND2MLPXGPTU8	0
ANQOEHRTBYCSV	0
ANPZ1FZJ3CNP6	0
ANPUEDIHX18H0	0
ANOXMQWCAFGVM	0
ANO0RXD1LFCQW	0
ANNACWI3B45NA	0
ANCZI0FHUWENF	0
ANMXGSAPW7S30	0
ANKJV8GEQXL22	0
ANJPD89UHDXFV	0
ANJH43K5Z4LGW	0
ANHT5VTUF95C2	0
ANF52B4EYP9RG	0
ANERRVQLPWSQJ	0
ANLUCEE0PSQX7	0
APBJDB256YBG4	0
AJRL7KG8DWVYE	0
AJPWCO30NY50E	0
AGDN5XJ2HO19E	0
AGCNTK0HWDJ8N	0
AGC1S6JPVRORP	0
AGBPWO1SNCYOM	0
AGAKXSU6EUXF6	0
AGAHLVGW2Q7N3	0
AGER81TMIRGUF	0
AGA0MY5ZDH5SR	0
AG8KUA1M5A11E	0
AG7CXEXJZ13OW	0
AG5ZX1QDBXZCM	0
AG4CGX9BV63PC	0
AG3ZJG2Y603I9	0
AG3YHDSI52BQF	0
AG9H2U3TJNJ7J	0
AG339DCHNJ9O5	0
AGET505YMIGBC	0
AGHA1CKJ9I6SM	0
AHCKJKEI783IQ	0
AHC1OP9E3SVJJ	0
AHBD11MPPW98M	0
AH7K0Z914FUS1	0
AH7AWRL6KPEPL	0
AH208EPAONVJW	0
AGFXRHX9U184C	0
AH1MIAI6SNXNL	0
AH0O9FI5USU0E	0
AGXD327INL7WO	0
AGW19EDH3NHWO	0
AGVKN2ZLW4VFO	0
AGN73ZI19O045	0
AGIAMQQZYUEVQ	0
AH1EEW7IS1WND	0
AHD37ZKJ5ORAG	0
AG1YBK6HEA08A	0
AG0OMSXF8BHAF	0
AFHPY4QTBMSYH	0
AFGNQTQILLRXN	0
AFGALLR5EVK25	0
AFG78RKMTITWW	0
AFFAZ4TETC0HU	0
AFEB18HWJV9YE	0
AFI78ALYX7ZFX	0
AFCLCMFDDAS7G	0
AFBQDO1DETN6Q	0
AFBARBSU7EQCY	0
AF9CSZZBG6YS7	0
AF95J75HSHQ3J	0
AF8I84NWDAJFS	0
AF78YPTFN3LI0	0
AFCHC8KXGG7KZ	0
AG0RY4ZZRCDY5	0
AFKHC4W98E9HI	0
AFKX97YDFXI7T	0
AFY8YK6PJ1C33	0
AFY62LCCJEX7M	0
AFTO7QPATCWFO	0
AFTKATGD5KBGY	0
AFT8SHGI1LCID	0
AFT5GEHOMF11O	0
AFKIYT4EKY5OW	0
AFRQQQ918CILK	0
AFQ3Z3E5XB0CS	0
AFOC8VRFP5LV9	0
AFNEVYZSRPMZC	0
AFN0K0YX5668E	0
AFMXLV0UFLE26	0
AFMS38E1M9G1I	0
AFQBCU3PT40R5	0
AJREFOW82INJP	0
AHE92C0KT0F8J	0
AHHI9DP96HJTO	0
AIZH1RFUT4S08	0
AIZ35MQ4789DB	0
AIXWK5S4X1LFX	0
AIWNA9CO69GZT	0
AITB14GZB40WH	0
AIQ2QBW8RIG6F	0
AJ1FI9EJMR3TV	0
AIPJFP5G17SMU	0
AIP7X9PXRM3KY	0
AIIZAE76XNPY	0
AIIW0X1VC7Y0L	0
AIHBUTQHJKEN1	0
AIFM0H1XCCBPA	0
AIDX2MKIIF2OO	0
AIPGBTM6TJ9IN	0
AIDR65RMDYJP5	0
AJ1S1YT6JWXYW	0
AJ3QT44MGTX3Y	0
AJOUWWDVKS0SH	0
AJOAAIXNIE33A	0
AJNLV9VYZF2UZ	0
AJMUFKBNU2VHA	0
AJM05EYT7T0KM	0
AJL9ZNJFRV71O	0
AJ2XXMN3EZ1QC	0
AJHPA9PVS2JAW	0
AJFD4WQNK4D8C	0
AJEAP1T1K9S5O	0
AJCNNTEOEHGQ5	0
AJ9UKEDIHCNIG	0
AJ7L5NX2LWJX1	0
AJ6MXIEKHHY4X	0
AJFHMT3YU8AEC	0
AHGABK3NMELU	0
AIDQCXAKCNDX7	0
AI8UOKCB3FHE1	0
AHSPXUMZETTZO	0
AHS6T58G6CJ3T	0
AHRY32NHS66PU	0
AHPYWDCNVIX3C	0
AHO8ZUAN471N	0
AHNYS6Y23BGUH	0
AHTRAZC22RDFE	0
AHNRYW21FFI71	0
AHM7TKILKCC5T	0
AHM41OK2PMGQR	0
AHKJ8QX765M8Y	0
AHKGUPPBIQ2YS	0
AHJ7YBY8ADMXX	0
AHIPQPF00TEOH	0
AHNGIWZ5KYL2F	0
AIBB1A7AT82FD	0
AHTS4VU2MY998	0
AHVOC8UN5S6TP	0
AI75PF6MIXKXU	0
AI6XLVCINAYYH	0
AI6VV3H41R3RM	0
AI60ZA5BVPX52	0
AI4XPXYG22T3K	0
AI4GOMXWY213R	0
AHUW2R5C0JV34	0
AI2BHREOU64D0	0
AI0DQ76KAL3X9	0
AI05P2I6RWJLV	0
AHZBLYHKA6M5N	0
AHYZKQU4LMIQ6	0
AHXMS6B2H6J62	0
AHW3Z15Y4TKV6	0
AI0M1Y0450SAL	0
AF6D9XWJCXJ8	0
APBUI5BC7YD4O	0
APH4EG6DRPMCT	0
AWN87V7EMXF69	0
AWKYBY7Y3E5VN	0
AWKMRH9NIMLDT	0
AWK7BS68QRF0F	0
AWJKD1JSMKD9W	0
AWGB1DWZ6U1FP	0
AWND2PX20RHWH	0
AWEKEF7AYKZCB	0
AWDDS4ABP4U7Q	0
AWCAEMH383JY9	0
AW74QZOCFWSMO	0
AW4JE5JOOO930	0
AW35DKZB8F0B9	0
AW1WA3R75S6IX	0
AWE37O06OGAGN	0
AVXWQBEV3FUZW	0
AWNJSJXQQHQNZ	0
AWPS3AU2EC4VS	0
AX13U5G896J1Z	0
AX0N1OJBSVJSC	0
AX0L760ZHIZ67	0
AX0DVHDY2J2UE	0
AX0DSLVHPZOB2	0
AWZJH452ZADA7	0
AWNM26TST5TZT	0
AWYMGAG0KFYON	0
AWXM1CJ0F4SYY	0
AWUF5GL6Q47R9	0
AWU6ZWDUHDYTW	0
AWSV4OF0ZOUKW	0
AWS3N2TGYV232	0
AWQVZZB4UR55M	0
AWY86J40OOOY3	0
AX3ZM4167HTYD	0
AVX7BKD3XRUGE	0
AVTD2ZV9AUE3H	0
AV68EAVESMFB1	0
AV54CIZPVCFX7	0
AV4IYRP2JQQ6G	0
AV49HBUTRNQDV	0
AV410VQUE6QSN	0
AV3AUFSA1DXVZ	0
AV7E4VN2EKTOE	0
AV2KGC76804ZR	0
AV0VTM4ZHBOEL	0
AUZW5QVJAU3GM	0
AUYWXPRPUCCDN	0
AUYIA2AJKAPWR	0
AUVVZVQ8N4RYW	0
AUUFQ02CPZS0T	0
AV1QPV28N5XNR	0
AVUYQ5OVFFWVI	0
AV8FJOT9U9HXY	0
AVDPQTYU96NGI	0
AVT6SKH74CGS7	0
AVSM60QK0M30Y	0
AVSB9WUYZ8FQ6	0
AVRSUV2ZTNJPY	0
AVO8RXO1Z85Z3	0
AVNFV4UZ7O5EL	0
AV9K5AYYVFA9	0
AVNFB3JMN7SFN	0
AVLF6BNSJINWP	0
AVKH0KEZ1N24N	0
AVIA07ZGR8GZS	0
AVGRPJV04W6YW	0
AVGH1EW1AYS4P	0
AVG0EHF4KM94I	0
AVMU5448N1WDL	0
AUS91AXFGUS7U	0
AX58TU59E4ZSQ	0
AX6JQPS6A7184	0
AZ97F7V58V634	0
AZ784ADTYFNAP	0
AZ722V85MXJ6Y	0
AZ5WEIETJKEOC	0
AZ50852ZXJ163	0
AZ4Z5GF45C836	0
AZB5SUIZRSZZ	0
AZ4Y5MYBPAA9A	0
AZ1WFZ8SI40BO	0
AZ16Z7DIK5HGO	0
AYXOYE0VPR4GN	0
AYXAZNPV1EQ6I	0
AYPF8LVUFBBC3	0
AYP4R3K5BMC91	0
AZ314RZ3VJSJ6	0
AYNHWVWXWHB2A	0
AZBOSZ46HRP4A	0
AZFGCMWGCT1HG	0
AZY9N8RKSHY25	0
AZSKQWQM6BJDF	0
AZPU73G6DBPJ6	0
AZNSAA7E32NYR	0
AZNS7TH82KH9K	0
AZMKYD3S76ZMV	0
AZCG4AS40X55P	0
AZM6G4LFLP2XC	0
AZJEC9WIT26ZD	0
AZI6FJVNU73QU	0
AZI206H8O5OUX	0
AZHPIBVMJEMS7	0
AZGR6DS9EJOBU	0
AZGM1NPDZFM7B	0
AZKDX7I05QBC3	0
AX5DURTJCLGMR	0
AYL8AYACL8ALM	0
AYHPVK4NTYQB	0
AXW988UR1O5CE	0
AXU349ZXVKIC5	0
AXS4UWR0FYRSG	0
AXQE6BYU93DEH	0
AXMKAORHPBHXA	0
AXLUHXWGVV68G	0
AXWC4RD8UZVXI	0
AXLQWA6S9HVP2	0
AXIC1G534LXLP	0
AXGDDPQS571TY	0
AXFHGOQHD7HNC	0
AXDYN195334LU	0
AXD8FHZRS5DV5	0
AXBGYVVO9C1DI	0
AXKNMOECIV3ZA	0
AYL0DJQ6DJFYH	0
AXWQGFSVTLYJE	0
AY094PIVYYGUP	0
AYHI6N24E51XG	0
AYH5DAYXJCHSY	0
AYGS2GKR3PEEE	0
AYE7P1MSRG75	0
AYDFENIJEJHDL	0
AYCZ1JT9ZK2FV	0
AXY7PBP18XJJ0	0
AY6GPNMHZC4YK	0
AY4YHX2TTBF8Z	0
AY40AUGYLQ7WX	0
AY3HITUOV2UZD	0
AY2XE03OKCAGA	0
AY2ROA3QBEGWD	0
AY0KRV7SNKLVH	0
AY6F6J9UOBFQW	0
APERJHBEYJ4SK	0
AURQ3S1FYW9DJ	0
AUPSF2LYKO2ZW	0
AQZQE5TS5FE4N	0
AQZF1VMGYSBBL	0
AQYV8LPD68CGL	0
AQYN32KSZCOVN	0
AQY5SO6CY1IGJ	0
AQXG8FJANG281	0
AR2V6KHGB2BKM	0
AQTKDM8P5SZV2	0
AQSQ1TLOWTWVV	0
AQRFEV9MY4JOT	0
AQQGYZBFHIPBR	0
AQQ6NLEH6NA25	0
AQQ66JLSGY7T8	0
AQOFLJ2IOMOO8	0
AQTDLVF2QYIOK	0
AQNDFZ25P7G33	0
AR62PBHTBXIF9	0
AR8FKPQTWL3UC	0
AROA6VMK9QSB7	0
ARO9OZS14HV4	0
ARLKV3PDAKQ65	0
ARKRKPLKDVB4A	0
ARKJXTG3MA6UF	0
ARJDSIGYCMZ5R	0
AR701NWMHZGR2	0
ARJ771PHHPW69	0
ARIOULB7R4WTV	0
ARI42YYJ0QCTQ	0
AREMQGGF4IGDN	0
ARCXVZIY4QEO5	0
ARCNX80X9JYI2	0
AR9PYSGCC4A0C	0
ARJ3Y8ZRV3WWQ	0
ARPUVNKS9MBEE	0
AQM1BHXQYPQG2	0
AQKEVW0K7ROW2	0
APVLI8PO3OAPN	0
APTQFUSWWCQFN	0
APSEZQ5V207Y6	0
APRMENT0GOWMH	0
APRM9DFOTGY4R	0
APRM44HMG8C84	0
APWOIZH8KN3L3	0
APPUSX8RBBJ6K	0
APL767KVWQCY4	0
APKHV8UPAMFY5	0
APJP2VPZWMOIQ	0
APJ27CG41UEVM	0
APIGLZZS13RJT	0
APHHRQCV0TYMF	0
APNWE1NHB5YYX	0
AQKPPA1E72L6P	0
APXD5B0GV982O	0
APZ0AVU4MJEPU	0
AQK76URE0WTU5	0
AQJ4C4IIERHII	0
AQIALKV98UVE7	0
AQGJ6JCQHW3SL	0
AQELZM3HPNX8O	0
AQBDG504UBD5J	0
APYHSY5CVS48I	0
AQ709QESYGQ1S	0
AQ4LEUO1VMJ9W	0
AQ3KRL08S98UC	0
AQ2GRF95WRNV4	0
AQ27G5KNK1E1V	0
AQ1XULTXP085O	0
APZ4P3IC9H5WF	0
AQ4UOFVNR6QY3	0
AUR6QO5DJB56	0
ARQ4L6BMH41SX	0
ARSVYME8NM4J1	0
ATNTZ5623MU58	0
ATKBC3OEPC2UU	0
ATK3R3K5FLBE3	0
ATJKKEWPK0O2G	0
ATJ7T95HMN12D	0
ATHFACGRSWHXT	0
ATPCIS7FFNJSS	0
ATG38MK0X3S7W	0
ATEFC8YP9UUD1	0
ATDS5LPF2JL6	0
ATB33FX8MV50A	0
ATA8T0FOMGN5W	0
AT8PQRM3HXOWC	0
AT7T0CPPCNRA1	0
ATF50E2DDXCOC	0
AT7GHJNZX68ZK	0
ATSNUMMG8KJVM	0
ATY2GPXM5KOVM	0
AUM9OVDBGMP6N	0
AUKNNCG89ATXO	0
AUHO0IIN9THFN	0
AUH6WGIC7M6ZZ	0
AUGIN02JXHF8V	0
AUFQ2DN4G1UR5	0
ATWDCYVND935I	0
AUE0Y5F05SI7T	0
AUCF1BCZROFB7	0
AU8BUZFVPCZMN	0
AU5B3AJTZFYIQ	0
AU2J32U2ZD37X	0
AU2AGZPL5ZX2A	0
AU1LLNZYUX8MM	0
AUD1JPCPUQZRY	0
ARQVWC9U6U46A	0
AT6QHLT5IJRC4	0
ASZBBEZT2GTQ9	0
AS5RF13A4STQ5	0
AS55HGGR5JOJT	0
AS4URFO7F2O89	0
AS3M6M3KFZY47	0
AS2JDYZCS8E0B	0
AS23OA2CJ9B4H	0
AS7YPRH7A7G5Q	0
AS1I8JXXD0CM8	0
ARZ8J4NMQ0US5	0
ARYAVAJPECXKS	0
ARY42ED8FM4A4	0
ARUWE49F6B5WR	0
ARTXAWD584MAC	0
ARSXOHFV9HG6C	0
ARZDOU921Y1P5	0
AT2C2LE4LBLHF	0
AS96Q80OXS7HS	0
ASFVAN2NQ9Q06	0
ASYQ98QGLG86A	0
ASYJNKC8X8CI7	0
ASXYC8ECP5A2Z	0
ASVMSFESKIC7M	0
ASUW1OMWDO4YS	0
ASR4JHN1LYEH6	0
AS9DIBSZPUJKB	0
ASNF2DP3BTADD	0
ASJUJB13I0CXH	0
ASJA756Y774AL	0
ASIZ95477NASM	0
ASH85IEL943AL	0
ASH1CVL48HMY9	0
ASGKP8FDPZ30C	0
ASLE4JJ37ZAOW	0
AF53KLOK7NODZ	0
AF47VDHYK771O	0
AF3W7HJSZG8RM	0
A3UMG62QKEZ5F	0
A3UJU8F0NFFQXW	0
A3UHUP814K2GVU	0
A3UHM0K7LQX7H6	0
A3UFECSLOFX6I	0
A3UEMGKRT45J4R	0
A3UMX5KQ6UAE45	0
A3UCTNTOKCQPVB	0
A3UALQT1221CD4	0
A3U8ERDT6IZRDN	0
A3U6D5M2VEWMYE	0
A3U3KOR0F4RA91	0
A3TZQCXX3J8T69	0
A3TYBNTZDVIA7J	0
A3UANQXDU2ZAII	0
A3TY3D3YHAIWX7	0
A3UO4MNUA1T7MM	0
A3UST9FWLO969T	0
A3VCWAHTOJLU3F	0
A3VAI80NWHDZMH	0
A3V76RS70AGS8C	0
A3V6DZ9KNIRFE9	0
A3V554WAE4VDKC	0
A3V4G8VYNOW5BU	0
A3UOD5RHT8L2Y2	0
A3V49A6TZBA7VT	0
A3V1NJ2IOTO7J9	0
A3UYWHBP4LIBK9	0
A3UYD53AIRD3PG	0
A3UUIWBH8RHHWX	0
A3UU3GFGQG4DO9	0
A3UTQ406O3K3R6	0
A3V2PW2LH5WB7Y	0
A3VDBZEOSEC4YO	0
A3TXMLIBRWDE0J	0
A3TW697OEXR0F	0
A3T1P0RS9D9MS4	0
A3T10OUXVN931U	0
A3SZ2U6LGC4ABL	0
A3SX6KPAI56CSE	0
A3SWBS7DJEN87J	0
A3SS7L576RIQXV	0
A3T2THM6P43UWG	0
A3SQ5E7Q7XT7VF	0
A3SN6JQXNSA116	0
A3SGTSOJEBVFY8	0
A3SEYBPKITLKLY	0
A3SC04DC5TLYSP	0
A3SBX24LFN5HVN	0
A3SA7LE47D0BH5	0
A3SPIQ9I0XSEXX	0
A3TW6AJAXUNUNV	0
A3T3R793H7ISRB	0
A3T6E8TTTRUUG	0
A3TV2RI680GKAQ	0
A3TU19J4T3FGG9	0
A3TQ2DH1BWUQ0R	0
A3TNY0653L3M2X	0
A3TL9XNVS929JD	0
A3TIASN5SNGFHA	0
A3T4BU0RVIIOA6	0
A3TI8GGOJKLWG0	0
A3TG09QOK7X0H1	0
A3TCNR6CZFDT6M	0
A3TCF4CY8XJS2V	0
A3TBT9BT77PAL3	0
A3TASLERKZ2UL9	0
A3T6QTWUFD8WSW	0
A3TGH236JU0DB3	0
A3S91X8GTVUFEU	0
A3VDPJXOSL33J5	0
A3VEV97J9WCI51	0
A4N53D80JAB0A	0
A4MPX9G36GG4O	0
A4IKILMR3YHB3	0
A4G5G2E9F4MQJ	0
A4FRIC9KN9O0W	0
A4EGD37KNXM7X	0
A4NNUITTEF6YA	0
A4D5K46P2LBPD	0
A4C8O9TUGI8HE	0
A4BN4G8AGGU6C	0
A4BGIF6WDOLPB	0
A49II4SHZHL3G	0
A47XH4M1APKAC	0
A44V99PXB7RCZ	0
A4D0VH8ILBILA	0
A44EAWDIYSKA9	0
A4O6SBPLENZHL	0
A4OJMXH7FT3F7	0
A585E57B94ILE	0
A583YTTF3FZ6Z	0
A56P12OFSZCVZ	0
A55TM8LLF9YZY	0
A53N6OID1UHB	0
A53EB8XES4BBL	0
A4O8419SE829C	0
A51U5YV1PKII1	0
A4ZSJWE5MIM2F	0
A4WQ4T7UJBG8B	0
A4VTXHSR1H10J	0
A4QX1182FGNY4	0
A4QJKT4IJ0ATJ	0
A4OOKC9ASENHX	0
A4ZUYJBLSJTOA	0
A3VE3VTWL6NSR1	0
A42NR8ZKBZK7H	0
A42CIBL5TA96K	0
A3VUB16U0BR7FN	0
A3VT7BKXSE671W	0
A3VR9XQZEPB06	0
A3VQ6Z54UZHSLM	0
A3VPCS4189DLB3	0
A3VLU135Y2SVYJ	0
A3VUU7SG6VBZ4M	0
A3VLT01670Y9Y9	0
A3VLKLQGGK08R7	0
A3VKO2KTDSS6RK	0
A3VJKEQ9DFUYQV	0
A3VJE959HHZ2OU	0
A3VHY70G3U6A5A	0
A3VGXX3E85N2JZ	0
A3VLSST2IA6K6C	0
A42JNLUNUNMT6	0
A3VWGBUG47KDCJ	0
A3VXV8HX35FF70	0
A42108N5PJ8JG	0
A41II52YCOH8Z	0
A4083NAOKMN4D	0
A3ZFETLYITC89	0
A3YYI230QZ1BX	0
A3YMGSFPPBU2O	0
A3VWYBKVPNBSDJ	0
A3YAYCZOWDMVY	0
A3XP0AAYBTULG	0
A3W4QXKHJSDBY9	0
A3W3WY2LYBGPFG	0
A3W20U6SOGEK96	0
A3W13O72HQR96	0
A3VYEZB2NO87M	0
A3XX2FCQQU8DS	0
A59KJVA39AA1V	0
A3S8J8LIDV4PXT	0
A3S6HXI1CZNRL3	0
A3OJHW0NN8A2N1	0
A3OJALI14ZO6WY	0
A3OHRBH5GD160U	0
A3OHQ5H3JO2V5E	0
A3OGE9LQVN17ZM	0
A3OEIHITVBSS45	0
A3OLAZKM77XR6P	0
A3OD6TRGX2SNJC	0
A3O9W3XF2ZPKGL	0
A3O9F8ZI5TOE4M	0
A3O7LYPQ5AOHUA	0
A3O6T91TMWAL37	0
A3O579LHTGFRGL	0
A3O4J78TPVJ59J	0
A3OA1DSK2D88AS	0
A3O3PVREXNRJLM	0
A3OM1CJOG3NZF	0
A3OONYYDTSIXEL	0
A3P80YXURYRN7I	0
A3P72M3TMW2RBH	0
A3P70OSL4E3YUM	0
A3P5LD1LZON0T5	0
A3P467LZOIP0UU	0
A3P33TE8C0Q9D4	0
A3OML05ASX0JZP	0
A3P1HMIM2RIYU	0
A3OYQPF6OKND7H	0
A3OY3O0WGOV6WK	0
A3OY3IRL7FXCJH	0
A3ORQ8JBY46AYU	0
A3OQVLXIHJ00ZN	0
A3OOR30PXKQCHM	0
A3P01C91AM86Z7	0
A3P8545PU0CPFC	0
A3O3PRJ4NSS93P	0
A3NXER4696GB43	0
A3NFX11T7CZJUL	0
A3NF6TPWJEHGM0	0
A3NDT5YLAOOTQ4	0
A3ND5T3NC45KY0	0
A3NCZKQY31YQ67	0
A3NCVUCTUQLWH9	0
A3NFXN00GEFCUA	0
A3NCJ2NI2KCRFD	0
A3NBOJO0RUVUTW	0
A3N8AN8FVF3LMA	0
A3N5YCBS7B1VDW	0
A3N57P4OFZ18UJ	0
A3N4K5CN029UJI	0
A3N1COTP9CIVUV	0
A3NBZOZF1QCVDP	0
A3O0A809GORKNE	0
A3NGEB300KDPLB	0
A3NKCRQGGW0KD	0
A3NX9NSH4ISLKF	0
A3NWRLBKBKFJ1F	0
A3NVV8IY37XJ2L	0
A3NVDTVFZSOUXY	0
A3NS2U52BJW9ND	0
A3NRE0EKHTD2QQ	0
A3NGN9MG23S57I	0
A3NQPYC9ZE3ZLU	0
A3NPQY7WSGK8YO	0
A3NPLJGL6QB94P	0
A3NOHOZG2IRF43	0
A3NMVJ2MKSZ45N	0
A3NM4DX3QR2O0J	0
A3NKJPUWI5AD3O	0
A3NQIZWMGCVZU9	0
A3S87VDMIOG993	0
A3PBAA9U572PXO	0
A3PHV6BK110VAE	0
A3RJYIPXO1D2WR	0
A3RJEEREB2HXT1	0
A3RHUL1HBSF50T	0
A3RFOKZ32MU0S7	0
A3RF3E3RX5ETL1	0
A3RBXYEQAL5XZ1	0
A3RMKENGOYHT63	0
A3R86V7S0S17S8	0
A3R5CG9BFO1QBJ	0
A3R35FGF9R1W4D	0
A3R13XE6WE24CU	0
A3R12Y13SBTEKW	0
A3R11L3J8VWKRR	0
A3QWDDN8OCI87V	0
A3R6UADPGUDGFF	0
A3QV7HWT62CJQK	0
A3RN01E67YJF4U	0
A3RPKKMZTO0IJQ	0
A3S6ECEXGDOBKA	0
A3S52M9XPSX3WC	0
A3S1ZBS1TWXFLQ	0
A3S1N4C1RSILXG	0
A3S0DVO66QCV7Q	0
A3S051S9JT6RDM	0
A3RN1SFAHYP6R2	0
A3RZYVB2U37FRQ	0
A3RV4X81AZAIXX	0
A3RUBFWAC6VSI5	0
A3RTMLWA8KE31W	0
A3RSGL5W6OSQK	0
A3RRJ5PHUTNKMZ	0
A3RRDMU4P7XMOU	0
A3RWGB8YZE7T6O	0
A3PG7JHK5LCUST	0
A3QV4FWS7B8BNG	0
A3QRTW41XGSF8I	0
A3PWJN5VRFWKVV	0
A3PVNICZGH8GCC	0
A3PTX4WDPL2T37	0
A3PSDXO09GY4ZN	0
A3PRO28B3PSS2G	0
A3PRBAQMIXPSX6	0
A3PZT25DBGXIS6	0
A3PQX11T4CEBK2	0
A3PNNO8DEX02Q4	0
A3PLVATKVUNYE0	0
A3PLTDAI2IGHZA	0
A3PKTO0UJJJ8BS	0
A3PKOPLVNQFBI4	0
A3PILV82M4UZN4	0
A3POCZIU61HTI9	0
A3QS2MO3GJO8IB	0
A3Q017M1FFEGW6	0
A3Q1SV7G72W6FH	0
A3QRMCXTPQPSJU	0
A3QKWFC92S03MP	0
A3QJUJ56A9NTG7	0
A3QILKI6CYQNMB	0
A3QENMDL1F0SH2	0
A3QEMHQT7XMT7W	0
A3Q0WMR9HYQ38L	0
A3QE8C3DJ4E186	0
A3QCDE51PFB8MH	0
A3QC6IWLGA4YXJ	0
A3Q9IOUWXIT389	0
A3Q4G7A3R1L8YF	0
A3Q27TDEBZPRL1	0
A3Q1W2W7XPIVJA	0
A3QDK915DO7IFW	0
A5ANIR192BCP2	0
A5CXYM49MWZOD	0
A5HJ6FHOW185T	0
AC17CWF6BOXD4	0
AC0SR3JIQBRIS	0
ABYOUE1EYREYK	0
ABY2288UM1BAH	0
ABXWQ426382I8	0
ABVW46C98FC23	0
AC2WNRVJJXM1F	0
ABTUBS6S9DK35	0
ABSL47W3ADWRA	0
ABQ7HQG6LCD48	0
ABONF1J2N5TT4	0
ABOIP8WUUJZ79	0
ABNUJ0BNL1KCM	0
ABNOG33T83B9H	0
ABSLKBTFMQEB6	0
ABN0O6TYSFYQQ	0
AC4VHXZMT80IU	0
AC80FL4N8HOP1	0
ACPSENP0EQE49	0
ACPQJH6RUYCTM	0
ACOQ6C8IX47A6	0
ACNFSBD1R72D7	0
ACNCYPB9R3CAH	0
ACJT2JX3AIGWS	0
AC7AJIPGE9Y48	0
ACIQRGQMA17QS	0
ACHWDBE5YGJXG	0
ACG4XXEKWOVB8	0
ACFRHWF5Y7QTO	0
ACF4DYZGKID3R	0
ACEFHYEC5D7Z4	0
AC8A09ABACUB2	0
ACI90TLCAXXFE	0
ACSITCHLJMRYQ	0
ABMGITMS3KKQ1	0
ABKCMDHHD6TOL	0
AAWCXB4J7COVX	0
AAVQXBRFC301A	0
AAQBBVSZTDSNS	0
AAPPVH64EADW7	0
AAM9HFSC6CEGE	0
AAM4YWYICQYMH	0
AAX6E3KX1LQCL	0
AAJ1VF8RWZM3H	0
AAFV57VZJ6TIY	0
AAEJSDAMAV8PP	0
AAEA11BG981JA	0
AADA40S35I2RH	0
AAC2PPCNTJTSU	0
AABKG6ZZBUJAZ	0
AAFVFQO3JDHA3	0
ABKJDMFLE8DOG	0
AAXQ991SPU2S5	0
AAYT7W0ZJBYJ9	0
ABFOOUTTTX31N	0
ABDKRCIVGXH1H	0
ABCBWSI0VNWH9	0
AB9W8KXYNJANM	0
AB8EBHX4P2UQ8	0
AB7H23B839BVN	0
AAYRADOS9RFGF	0
AB5PU4AJULHE3	0
AB4U7YLAXYAMI	0
AB2A1P3KVR56I	0
AB22BH0UR1PJT	0
AB20Z1RFM6NMY	0
AB1VU08P34L7M	0
AB094YABX21WQ	0
AB4UDXJ4946QB	0
AA9ZQAQ8BQIJX	0
ACVWF4ZVBJ75X	0
AD188KVKL9W8W	0
AEGOJM3JDSFLS	0
AEGLYJYV4UQJJ	0
AEFITEFFACQ1V	0
AEDL388DSO93Z	0
AECOIDBOE3ONJ	0
AECJM607B32GG	0
AEH07E8UWAQKJ	0
AEAYXHPQNNSRK	0
AE9PDCYIDCC3A	0
AE84L6RPHGE1T	0
AE7J7R3E48GOM	0
AE785TP1PNF4C	0
AE5K68VPZDVRH	0
AE4QQXEOZYIUR	0
AEAYEITHPQ2FY	0
AE3YLOLQEECSP	0
AEH0H9P14KTAR	0
AEKCEFBU3A5Q4	0
AF0CUB2NNEORQ	0
AEZUPF0ZMTUL	0
AEYDC0ZD79H66	0
AEXT4KGURPU61	0
AEUP3BYE86XOY	0
AETSI2Y38ZTBR	0
AEJPJM2E43OZB	0
AERZFYFB3ZFH0	0
AEQMEG0S54NVH	0
AEPACI4OEJ2IX	0
AEO2WJ1CVM0EH	0
AEN59CRZSRPME	0
AEM192DI1VDJO	0
AELXPRAGKLERS	0
AEQYV00OS5FU0	0
ACX3Q0ANXDB0A	0
AE3J298SUOHLJ	0
AE0WN02UFOZ2K	0
ADF4J7XWOCO1N	0
ADBRHF1LLW9XR	0
ADBKHKNU6JGS1	0
ADB6SWYMTGX93	0
ADAY9OY5DKY50	0
AD9DYEZBHRR3G	0
ADGKEP63Q1M3D	0
AD65I7SAP1XMW	0
AD4JREIWBZ4ET	0
AD4HRH01KCLN6	0
AD4FG16X144PD	0
AD41D62MRDHPR	0
AD2JH1C0SEQNB	0
AD29HYIFC4RHL	0
AD5P4LDFQ6QF	0
AE3ACJY73LKJ7	0
ADHKA6X1GZA4U	0
ADI114JY862GX	0
AE08WFNWBN8N4	0
ADXZ2RON7L8WD	0
ADWPRURWXC5EM	0
ADVFNU8AS85FX	0
ADV7VXF8KLFYG	0
ADUPZFIJT04ZP	0
ADHQX3QJP82L4	0
ADT7W130RP2VA	0
ADS98880R8CTH	0
ADQJ7N1YCTZND	0
ADJFEZLUTV7LF	0
ADJ6HYV2SVOMX	0
ADIYQN5S37V17	0
ADIUR4S3SHZ89	0
ADSZQOWVRZ78S	0
AA9JE9NG38P0Y	0
AA9GMMQRGKKLR	0
AA98LMTROQDD0	0
A7AJ4RHFYMIJ1	0
A7ABHO6OPZ6FF	0
A787VE9P5HUN0	0
A77ZY1HAHE8VE	0
A755BP27TDRIU	0
A751T4K0SUAJR	0
A7B1EBKWC7D35	0
A73ZQDWRHWMVZ	0
A6UKW2K1AM9U9	0
A6U0DQOOYIX1N	0
A6TRCKQVPCKXC	0
A6TODBFGICSKI	0
A6SJBXVMHIDPE	0
A6Q12I3MI42S5	0
A6ZZ33MZIXS1O	0
A6O4Z9ZVB9E4A	0
A7BNYBATOX2HI	0
A7DYBDGVB2LC4	0
A7YTE7L5VFSE7	0
A7Y4VMV1H16H5	0
A7XUS926VZYK8	0
A7XNAR6PYJXGM	0
A7UG9VMAGGID5	0
A7RZQYUYD1EY	0
A7CY5AXGARGBJ	0
A7PYF2ZN0615P	0
A7K0LEON3MNE7	0
A7JN2GGAQ6CB2	0
A7HXIPX4NLII6	0
A7HBRCQAXV0I3	0
A7EFNS33GHK7C	0
A7E0PRLZT0ZMI	0
A7PR8081PBUJT	0
A7YVBNVGWN6M	0
A6O3H74XMNQIX	0
A6M3OV20R8RA7	0
A656A65H4L0BR	0
A63GNKV5ATLD0	0
A61H299Z6X5GE	0
A60KBZ9UZPOD6	0
A5X4104WK0MUK	0
A5V75QX2QWZA3	0
A65DFK1MSAFGA	0
A5V6KQRCL6ALT	0
A5UDRDW6ZHG8T	0
A5R50YN992294	0
A5QPSN9NM1TUW	0
A5PP23HAVJFZO	0
A5OHGKZEOVVAS	0
A5OFL61ZG71BU	0
A5V34G66JTI66	0
A6NQMWUDK0LTI	0
A65OB503UMUJE	0
A67J9X3OIG7BJ	0
A6L5AZJFECXP4	0
A6KZKFIXWYZJI	0
A6IFM62JTZY60	0
A6HCKPAECCF6	0
A6ESAPI1QAQUD	0
A6D31Y8AXACJ4	0
A66OKY2D0C2JF	0
A6CGVA287UQYB	0
A6B9IVGREKNLZ	0
A6B1LSTODH6EO	0
A6ARAKLYO6QB	0
A68XYPAC9BSAB	0
A68A158MWXNZ1	0
A684ORMPK1PZY	0
A6BA8QB7YGQ4J	0
A7Z0LNCY7Y91W	0
A7ZWW3RLVR8T7	0
A80TXV9F8ORDA	0
A9U62H8F2OM26	0
A9TK3PYDC0I6V	0
A9Q4A3J0BBYSS	0
A9NTNTU6AYM86	0
A9NS2SI6TEIZE	0
A9N3ZHEPL4LSF	0
A9X9LFLS1NJUM	0
A9KV670CXN96R	0
A9JKMTWZNSQ5G	0
A9HS5GL6JDXZ0	0
A9G9EEQPPGUG9	0
A9CNBLXYYWYD8	0
A9BRROJMVLQOH	0
A9BLZIMOB9E1J	0
A9KBC13CAT0SK	0
A9B2807YE1IUU	0
A9XBZJXDKA33M	0
A9Y6GB1FNSE4B	0
AA8ZNPCGGRA65	0
AA8MN1Q8B1RC8	0
AA7EWJS9EJNNU	0
AA50SX61FIOO8	0
AA47VO21DHN2O	0
AA215YNULN1F6	0
A9Y17FS1PRTIE	0
AA1SS5D23U2S5	0
AA0XMUF9TB18J	0
AA0X1XXWBVKKD	0
AA0QINK24YP0J	0
AA0QGRC20841H	0
A9ZJIHBA7OZTH	0
A9Y9P564VMGVL	0
AA1P36UUOPXU0	0
A9B07UI4C6NO2	0
A95LXRMJ8BNK8	0
A951I9JGY43CZ	0
A8EU6Z51CE9DB	0
A8EE22YQFUAUR	0
A8DXBXVP7JAKC	0
A8D7PR1H9GKN7	0
A8D516CEYX8U1	0
A8AAGTVALUURO	0
A8FCZTLMOUB9H	0
A883E4LN9IZ8E	0
A8710RWTFG3IY	0
A84A2FUVGG6WF	0
A83XIYZC1J1X	0
A83I2S2W31SZV	0
A82PCB9BOXL1Z	0
A82OQ7VGNIXPP	0
A87BXCYUAGKJQ	0
A8FVGYR6OPBR7	0
A8J9PKLJWEP57	0
A8KSQELGP7B51	0
A92WT04SNM36G	0
A917QLQ3PFL41	0
A8YPP9PDQEH54	0
A8XIT00QPHB4T	0
A8XEFOOQS8UHU	0
A8WS3AII7CO10	0
A8VNGPGOGTHG1	0
A8VHTSVWUEQ1Y	0
A8QILRJQ3QNDP	0
A8PP8NPRJSAKO	0
A8POZNI1KB5MJ	0
A8OD4QGM60CZM	0
A8O7SYBCZVWXN	0
A8NMIYQLASYIA	0
A8NCE3TDPY1FA	0
A2GRXUCI9PCXPZ	0
A2GQJQDEXBI2SG	0
AZZANAELY4O62	0
A1P3KAUTPGGLXS	0
A1WQ50074A51VQ	0
A1WSF0IEFMTZSH	0
A1D4Y39DQU64N7	0
A1WSFA9AZJK514	0
A1WSPJNH2AMYI6	0
A1D3SVE3NKW5ZZ	0
A1D2AWQWDOH34U	0
A1D1DIJDVADRSA	0
A1D14NOYAKJAB4	0
A1D035EGRRT5DU	0
A1WUKSGWPA0930	0
A1WYAM4MAP5J6	0
A1WZFINDJENOV2	0
A1CXOH5I6824PO	0
A1CX4XV9L4N8HB	0
A1CVSVVUZ3ABK3	0
A1X0ATVIWHE1S4	0
A1X13UZDZBC78E	0
A1X1QSJHTZY6Q2	0
A1CVEH7IZLTOMR	0
A1X2WU76XAQ5U1	0
A1X5MLAVX8LO3I	0
A1X8PKXSML1IVG	0
A1D7XSVW8AWNP8	0
A1X9G6B5QQ85PV	0
A1WPNZK2UFHWWF	0
A1WN97TG000IVA	0
A1DZSAD0U02JXE	0
A1W7VR6VT0ENCU	0
A1W8D22NK33Q05	0
A1WAJDGVY4V7UM	0
A1WBYBTZ7XWAHY	0
A1DVL18KM39J6B	0
A1WCDD0I4E1VXA	0
A1DRCU6LNJXYO	0
A1DR3D7B48B5QN	0
A1DPHRRXF64L7	0
A1DMNNF2NJ5YRG	0
A1DLAQ5XHCLDWZ	0
A1DL255FKET2LB	0
A1DL0GTGHZHXC2	0
A1DKGWCL9HGZOO	0
A1WI9Q633XA3IB	0
A1WJ64AINOO6PJ	0
A1WKKDSHQEUUGM	0
A1WKVUJQXDIIR5	0
A1WLEHPDC3X55W	0
A1WMDGXKYWP0CR	0
A1DDC5S8XC76MI	0
A1DB6CIRF4950S	0
A1WNJVHS82YTLP	0
A1E00WMEXK151D	0
A1CSSMY0WQOGOP	0
A1X9RE3J400EBG	0
A1XT7IH20PTGMG	0
A1CD26X6KJYXBP	0
A1XW6X6C3XW40S	0
A1CCP1OCNWNMZG	0
A1CC1W6865EEIF	0
A1CBUM58S5DU52	0
A1XWQZB1MOQZ7G	0
A1CBO6OJH0OUTD	0
A1CBDI2KAWFY4J	0
A1Y14Y8NZUZ0ZB	0
A1Y1OMGAPW1MBV	0
A1Y1R2OM46VJ30	0
A1CAD2CIS9HEOC	0
A1Y21HXSYGRA8D	0
A1Y2AYSY037XYD	0
A1Y2HZ0FML388W	0
A1CACWVM05TQEQ	0
A1Y2QYOWYDVJ8R	0
A1CA6A79GYMEDW	0
A1C9XX12Y87EO8	0
A1Y3K9CPWHLCCD	0
A1C8IGLNT6CISY	0
A1C5D2Z53QO6KL	0
A1XSV3N0OG5CAZ	0
A1X9G9932EDAL	0
A1XRQVQR2WNUO3	0
A1CELSFO51QFM8	0
A1CQEAE9SXTAW0	0
A1XAGC5HRCLFV1	0
A1XBGH0Z2LK9PW	0
A1CPNG2K7QTZXP	0
A1CONIJXRJHGNM	0
A1XEJGFQ9OB15Y	0
A1XGF42R5GA28Y	0
A1COGE37QVFFSU	0
A1COBK3A74D4LM	0
A1CO2G7NU0WYUU	0
A1CLCTBDF15J8H	0
A1CJCL8LNQ6TTD	0
A1XIFNB0XAMPOZ	0
A1XKVGWXZ9KPWY	0
A1XKYP9N7R67WU	0
A1CHLH4C26NU40	0
A1XOFZ8XXJ9FOK	0
A1XORCJXY6OP7X	0
A1CEWRW7QPBV0G	0
A1XPU5GK53NM2E	0
A1XQ0F01CF84Y3	0
A1CERFAPNKPQDA	0
A1XQ2N3WD9DDUJ	0
A1XQR1OLUICEIF	0
A1W4GAAIW7JD5I	0
A1W1U2VNG7BCF4	0
A1W0OGSJMO7CHN	0
A1UFS9818GTJEM	0
A1UG3AHYA8RDYS	0
A1UGJ1NL5WBROP	0
A1UGSM0MZBRCAU	0
A1UHLY3WP753H2	0
A1UIP5RFTWU2HN	0
A1UJJICBAASOKA	0
A1F9YMORSTUDHB	0
A1F83ILOSWARL7	0
A1F6FX6Z3HVVIU	0
A1UJO2Q07ELR6D	0
A1ULK6BR6MBTTH	0
A1F5CDYXMO033L	0
A1F2T4XD9NIRSC	0
A1F2GH116P6MB5	0
A1UOENCQB7EJNU	0
A1UPWZ6NON4Z9X	0
A1UQJLUIGDUO6	0
A1EYXYTHEBZ8FQ	0
A1EYJASK6UL955	0
A1URH8GOPUGAZ5	0
A1EXXID5Z2YSDR	0
A1UTZOSBZV64XT	0
A1UEA9KOAL5JE0	0
A1UVKIBG6KYX8T	0
A1UDK5YTZ1QMKK	0
A1U8VI6I2MFEU8	0
A1FK4Q8TH04R4C	0
A1FJMNMB6D683U	0
A1TZ1QV2QD7QZV	0
A1TZI9H1VNHRAI	0
A1TZWEBIB2MVUY	0
A1U0XVBV1S71CF	0
A1U1M2QUB0DL9V	0
A1U1O8RI38VRRK	0
A1U237HSI4GIFE	0
A1FFODPSUBBUSL	0
A1U2L9QEGVMA12	0
A1U2N8CPMO19GE	0
A1FFMOKOEHQZCJ	0
A1U4MVED72DMBH	0
A1FFHK13CFN1HD	0
A1FDV4RKQKGW3L	0
A1FDSW8KRCK5SN	0
A1U5N4567HJE2J	0
A1U68L0TD5P8C5	0
A1U7CRU3CJQZCR	0
A1FC2V7L4IIS4P	0
A1U8I080X8DVE0	0
A1U8SVJ4H1ZN19	0
A1FBP5BNG0HBTZ	0
A1UVUCBTE983VB	0
A1EXU7LG65JVE4	0
A1UYVV4VNOS2UO	0
A1EGE3LMR5HAT9	0
A1VMEXUFVPIVB5	0
A1VP8KZNBHKJPH	0
A1VPOZ529428J4	0
A1VPTH02TOHN40	0
A1ED81HCYX9Z3O	0
A1ECECDC39KL5O	0
A1VPTV2Q4LUZ0R	0
A1VR27AT4Q7OIQ	0
A1E7WRQ7DE9203	0
A1VUOUJ6RJM11Q	0
A1VWE9QQ1TQVOC	0
A1E6JHMV0THYTU	0
A1E61K44V97ME5	0
A1E5WN03LKPAL1	0
A1VXHOVIAYG8J6	0
A1VXIF7U87YB6D	0
A1E53Y1H9L88JM	0
A1E38ETRELK0OU	0
A1E2H95WZ1KP1J	0
A1E2A5R2WBOB5N	0
A1E11A6N24N9Z4	0
A1W06249YVX7NH	0
A1EHMDDRSVTR6P	0
A1EHZZ7BSFPER9	0
A1EI0YJIAUDL2F	0
A1EJ7WD6TJRWKT	0
A1UYZRMNDKTHOX	0
A1EWU6KKKQV24D	0
A1V0DGHRO5Q8CG	0
A1V0MY5J2TCA7F	0
A1V95I4C3TC4PY	0
A1ESN5B2IPMMQN	0
A1VAGO7SG4HCBD	0
A1VBRGK1F1LA5L	0
A1VC7V9PA656C0	0
A1ESG54LD23V1X	0
A1VDFIJY4Q2AS4	0
A1Y5LKQWZOW0UE	0
A1ES440EWM88SQ	0
A1VFGX92UXBO8N	0
A1EQN9SKK4JPD	0
A1EP969YF75ZA2	0
A1EOIVO2O7EW77	0
A1VGECUPE1UBZ7	0
A1ENWQQNFXTPAR	0
A1VGI76JBHC3JC	0
A1VHU28D4KX1OO	0
A1VIHMRWUS6RQG	0
A1VKY6VOJIFWFY	0
A1ELL6KXK74BGG	0
A1VF2ANCK0APNA	0
A1FLV23COZM3WH	0
A1C3DF3Q6G8335	0
A1C107URW2FRDU	0
A20XGYMASAX0ZG	0
A20XT5P9XDAS8N	0
A20Z8Z7GTR3ATR	0
A20ZWCGXB2J9TO	0
A210ER7EBXNG94	0
A2110Z8LPBTRDD	0
A2123TBM7KSABG	0
A212JLXYATFWKO	0
A19ZJB2A5UFHPJ	0
A19Z6V8MOB9DUM	0
A19WZ454ZBWTMZ	0
A214Y3OO4B5ZZS	0
A215WH6RUDUCMP	0
A19WOCE5DP3565	0
A218P1ZZ09HRJ0	0
A19WFRIIIFS2J6	0
A2198N0FLZ0DK3	0
A219IKX4D7G9T8	0
A219KT7U9WRW9P	0
A19WEEGB05YAZ3	0
A19VMCPNQ489PJ	0
A21AZI216IU23A	0
A21B63X8Z71KBC	0
A1A81GERR6ETB7	0
A19TSS7XJUNMW8	0
A20W4OQ0BQD3VH	0
A20TLYLGS0P4VS	0
A209ELR648ZOJ5	0
A1AS7CIQQRYD4I	0
A209EP68PG7OU4	0
A20CZDROTV0ROB	0
A20EKNRRZ4Q78N	0
A20GINPO6F5L7G	0
A1M7D064GIXURA	0
A1AMPII9FZH15C	0
A20M6P1WSDHAOX	0
A1AIUM5KF0Q4H8	0
A1AHJEZ1F5DR0U	0
A1AH76RU07E3LA	0
A20MFI0PI2GS5D	0
A1AH1LYOU8XM1P	0
A1AGIERRNOVE8N	0
A1AEOV54Y6OS83	0
A20ONIFJT8G44V	0
A1ACYSI09I17H3	0
A20OWBSNU4KIE5	0
A20R9J4TW4S0AT	0
A20RES3V77D9TK	0
A20RQY9I93L093	0
A20S5KFY4VQ0RC	0
A1ACH6T5ZJSMGB	0
A1ASTONSE4WF75	0
A21C32QDAH1P1H	0
A19RDMUF0F06L6	0
A21YOW8MYDOD8U	0
A19KDGB6HOYNHG	0
A221GFD4OXA04R	0
A221VEFEZQ0U5P	0
A2232CQQZTJMO1	0
A2236CRRK6PMEM	0
A225CJPPLYJZ8L	0
A19K5M4M634PPP	0
A19JJWD7SIZ7L4	0
A19IIZ1N4PDYXL	0
A229FI6S2SHV5K	0
A19HNL1LLSDS56	0
A19GXJVNMGZUI3	0
A19E3Z2XBRCWPE	0
A22AWU9NUVE0IZ	0
A19D880K54NDK3	0
A19CY9I8I3C4IR	0
A19C5WF3QDPSO7	0
A22D3UU4WMIOR6	0
A19A6I0XMZS1VA	0
A22EHQNVFKOQ56	0
A195GFG8ARF5R7	0
A22EQFO1HIOTVJ	0
A19MQCE72B11KZ	0
A19S231JJGPXZC	0
A21UH282D38X42	0
A21TOXY3XEVAAT	0
A21CFQK1SB628L	0
A19QPAZVPEI6W5	0
A19QI94RRV370V	0
A21D7KM3E90RH6	0
A21DFVV53RHEOO	0
A21EUG156436HT	0
A21FGH67RH9EB	0
A21GR0S9JTR0XC	0
A21GWTPYSFAZ4P	0
A21H84X6WHII6L	0
A21HBPE68GLJSI	0
A19PHYJCTRB9SX	0
A21KQL7475TFNW	0
A21LKBH8OK46AU	0
A21M5DL9JK6AYD	0
A21MDWHYH73L3U	0
A19P47YQ0XYLMN	0
A21N0KP72IPLI7	0
A21N4CZ4VEBURB	0
A19OFIOWUJ25JU	0
A19NTSFKI0VMB2	0
A21QVQXNU3JIC8	0
A19MROLP9V953P	0
A21TYD402HNF0H	0
A207RLT8N2BK3G	0
A1ATGZACQ2RG9I	0
A1ATJR3L3ZHW26	0
A1YRAJG7SUPA71	0
A1YRC0DIWQP42L	0
A1BPPBDPSI6727	0
A1YVBO6YI1QJHX	0
A1BPN6SNY76BBF	0
A1YWO04ZSXPIZZ	0
A1YWT44P34LAR7	0
A1BPGAWSGYJT2B	0
A1YX3843CIG6UZ	0
A1BNLHAMY716XI	0
A1YX63LHNYPAAS	0
A1BMTOYQQ6TA45	0
A1YXY88TAV9F49	0
A1YYQ9A9SUWE3V	0
A1YYSL3PH7DXQG	0
A1Z0W3M14L4LGV	0
A1Z105EUFW73UT	0
A1Z1I7P2VJPF4G	0
A1Z3GFKEC8KXDP	0
A1Z4HOWAG4A0PT	0
A1Z53PLTUQQU3K	0
A1Z66QQ2488KKM	0
A1BKTCQEC5471J	0
A1YRA5W36NXVEC	0
A1Z68PWFUR564N	0
A1BQ8Y6LQ1URRN	0
A1YN77JD9UGPPC	0
A1C0RT2T538F99	0
A1BYAK95KN2A82	0
A1YACU65QLFK4W	0
A1YAOAODMN46F4	0
A1BXZ0IB4NSLRO	0
A1YBJU7XKQTD6U	0
A1YCDVBLAQQPZL	0
A1BXK3N7PTCFLT	0
A1BWXHYQB5YRA9	0
A1BWAWS36VC93U	0
A1YEDKQR5W8M8L	0
A1BV51YCYIZXJJ	0
A1YEOQA0L0PJEY	0
A1YFCYL2L9L4UO	0
A1YGQQUV0FLF6I	0
A1YGUFU306JKGK	0
A1YI400AU32J43	0
A1BST7G6W508F6	0
A1BRSHO1GFGW66	0
A1BQBJE9HSTVZG	0
A1YKSS16ZGY4UE	0
A1YKXVGAIA8952	0
A1YLGOE0MDS545	0
A1YNGTOZ2IVFE7	0
A1Z7JCF5DK08Q4	0
A1Z8T7YSNO59M9	0
A1Z9XI85MV7BLO	0
A1ZQ0CXNQIIVGG	0
A1ZRS3DBW5L44D	0
A1B9X3JHGG19MJ	0
A1ZW5OFLQA1QW4	0
A1B9G3Z94KMTTP	0
A1B7D7AYGXCWG9	0
A1ZX1J6VUZIL5B	0
A1B4SONA1LE75R	0
A1B3R7NCOIZPDP	0
A1ZX87BCU3WNOD	0
A1ZXFR9AH24IXQ	0
A1ZYIJPYNVEZPN	0
A1ZZBRG95I407J	0
A202DWE5FYHLI0	0
A203FDX5IAKC9P	0
A1B2701O7F7OK6	0
A1AY3QFDTS3ZZQ	0
A2056RR3A17HGM	0
A1AXCWF6KS9AQH	0
A1AVZZBN63E2FF	0
A1AU9DO4S651ZA	0
A1ATM1HXXK5TKW	0
A1ATLAGSVF7H25	0
A1ZPCBLHVV19RM	0
A1ZOCNV3CK4DUQ	0
A1BBZVBM4KO82F	0
A1ZOCGJARI3QR7	0
A1ZAW4FZM7XYFC	0
A1ZBUSXHO0SFJC	0
A1ZBWGVDBV8S14	0
A1BJ9XCWP68XM0	0
A1BIXQNNHPV6PK	0
A1ZD2MG9QFXDB3	0
A1ZDSGSIY5FTBS	0
A1ZDWXTZ7MX4WL	0
A1BIXKGVL39ZRN	0
A1ZF4FNG221WWN	0
A1ZG3MKRGGW9HP	0
A1Y9JUW2M76K92	0
A1BIKWM8QJSE5W	0
A1ZI2ZO17SDZOX	0
A1BHMYVL8YSX4F	0
A1ZITOFW9Z7IWR	0
A1BH6KYW8MF33H	0
A1BGRVNHW9VPC0	0
A1BGO4FCTETHNT	0
A1BGKCLFVS7QD0	0
A1BG7BWYTNBSFG	0
A1BE5N4JJQW613	0
A1ZMXZMAUJQS6B	0
A1ZNLJOBPC9WKD	0
A1BIKG59YB3M8W	0
A1TYY675MKHO7V	0
A1TWMRYZX2B2FW	0
A1FMAQE4G5FN7S	0
A1O6V6L5LD97X4	0
A1O7RP2OK9AGIT	0
A1K501H8ZQ5V7F	0
A1K4ZW7YVOPR73	0
A1K4Y3ORQAXHN4	0
A1O9I9M35S1R6V	0
A1K30L8T961CNR	0
A1OAHSN8JKDPEK	0
A1OAQPKF2WK14U	0
A1OBMZYNHQW7UL	0
A1K2AR39NRHL59	0
A1OCRKS4L8KJH9	0
A1K0YV26MD03D1	0
A1OD2SA9988HON	0
A1OD6AWV12YP74	0
A1ODR6278N8ATJ	0
A1OE5CR7VUWHIJ	0
A1OEH7KWQSXJ7D	0
A1JUFVTSUI9HRL	0
A1OHYP4PKE6SK2	0
A1JU7HSMPP7M3H	0
A1JTXILO9NDA6G	0
A1OJWJGH3UURBH	0
A1K5CEYOEY2KIG	0
A1JSET85IDUJ43	0
A1K74WI5F5963D	0
A1O56VYXJUMYFZ	0
A1NTH84NYAKJT5	0
A1NTJS312HC0Y8	0
A1NUMKUJ5NA1G6	0
A1NW5DYK3UACIF	0
A1KHPGKP1RQM2Q	0
A1KHK4EH5Z1X0F	0
A1KHJMKITL6C0V	0
A1KHD3XC892XTT	0
A1NXVR61ZRYJTB	0
A1KGIYAHKT14QH	0
A1KGD3PHA6MCC	0
A1O00NBC8OZLYV	0
A1O0FZ2DGFQ4OG	0
A1KFH0TT2QLCAT	0
A1O0NK9QOMSXUV	0
A1O1VXA1FMR4Q4	0
A1KFETW4PU0NRM	0
A1O2GI8HY753QN	0
A1O2OQ9KF5DSEG	0
A1KF0F85049MAV	0
A1KBFSAMZJS9YT	0
A1O36MPL3NJHTA	0
A1O3SWAIDUNNSS	0
A1O57J6D6RBY30	0
A1KKCBMRVA9L0B	0
A1OKC83K8EO5RP	0
A1OKSDRSOBXEZE	0
A1P3V1XC1HMGUL	0
A1P45S660D7HVJ	0
A1J2GR3N0FV13O	0
A1J1XQYIBTM224	0
A1PAEE67S3WVFM	0
A1IZSWMD3CQMNP	0
A1PBVAS4IQZZ9F	0
A1PD6W3E2GN3SF	0
A1PEBR9QIJ8LZ1	0
A1IYSTJZOUTVL2	0
A1PEEG5YYW5NCI	0
A1IYDXT9MJDRXM	0
A1IYD9QE0Q9F1Y	0
A1PF0OIK6YY145	0
A1PIB1M6WBW1PX	0
A1PISAL3ZIIZJM	0
A1PIUPGH94K2YK	0
A1PJEAGCS1JM90	0
A1PJHKR5SQNJQH	0
A1PK2VRHA0Z1SM	0
A1IXY9HNGXJHJB	0
A1PLQ2PTD6OXS4	0
A1IX89IB76H3PQ	0
A1J2XGQUDMR7KS	0
A1JS899KV4IXIK	0
A1J32D3XHNBS92	0
A1P2RW6YNZLFQA	0
A1JRWRCBMVWT2Z	0
A1OM2ZXIL1SYK3	0
A1JNK15DRAY3Y3	0
A1OMWH3URAZQLW	0
A1OOXG0SBBCV8D	0
A1OP3ILYGCL675	0
A1OPPVSHNH09FA	0
A1JNAO5PLNK8J6	0
A1OQY19EZKR9WU	0
A1ORTIWDZCBUCE	0
A1JMVJYZZ1G4GG	0
A1JMRLGCQN89ZK	0
A1OSBCS8FZZL2P	0
A1OU7DYH2OC10A	0
A1JLZMTD5WRI4T	0
A1OY649KVI65OU	0
A1JCRI0OTA9CD5	0
A1OZBYV9I3MT1P	0
A1OZT5P75UJ22L	0
A1JBQB3CJG4TUK	0
A1P1V4WK9I76C8	0
A1JAFFAQQWCM1B	0
A1P2H81YEK1QCQ	0
A1J7NLEJTZ4B35	0
A1NT9082GYBXC5	0
A1KPN9WF9BIDD5	0
A1NSY0FAD5Q6JN	0
A1LTM4OIXRPIR6	0
A1LT66C9WIA0KV	0
A1MQWPLHQ0I021	0
A1MRFJUE0GD0RF	0
A1MRIJH5I0UZ7C	0
A1LSIZSCPRUWT7	0
A1MS9HZCODG243	0
A1LRZDNPPLVVI4	0
A1MTJR506DWPN0	0
A1LPTNU4A8047X	0
A1MTXILI1LIH02	0
A1MUYZD0WKPEIN	0
A1LPI14ZRADTEN	0
A1MV4CECQ9KWJO	0
A1LMPQJ28SDN7N	0
A1LMCRN1ZO5VEF	0
A1LM4ZVO41HY7D	0
A1MZLID13AIOYO	0
A1LM1XE1PYLBZ4	0
A1LJJUDIGZ5B5K	0
A1LJ7OKDLQX852	0
A1LHOKYENR7HP2	0
A1N0KPRDV8M95	0
A1MNXCAXGGK062	0
A1LHGECUXDEW7L	0
A1MNFV25GI9RO	0
A1LWEGCA5FZX8I	0
A1M5ZT35YX6TIN	0
A1M50TCAUWLIBS	0
A1M43YIT8LPU8H	0
A1M8SU89YOEF6G	0
A1M2FFSOHGW78K	0
A1MANOYAGBEMTC	0
A1MBI82W8KJJMK	0
A1MBJCCKH0PI5K	0
A1M07BEFUUCOX0	0
A1MCWJCKZVGEC7	0
A1MEZL3BL7WBRZ	0
A1MGJX3DVS8HLC	0
A1LZLHCVD2Z24V	0
A1LYJ98TV7QZMI	0
A1MH2WS3M6WWVO	0
A1MH6WM8M992D0	0
A1MHAPLEM30UUK	0
A1MHVXGUHO5KP8	0
A1MIU2SK0IC1VE	0
A1MJ4JM5Z2KZEW	0
A1MJLMH1AR1MW6	0
A1LWYXEJUGGRGN	0
A1MLZ6CWEQ5JHN	0
A1LVUS6WE3SAAT	0
A1LHF20U440JFK	0
A1N34T5HTA8B0Q	0
A1N3ERI3GL343H	0
A1NFJQUTW0ROU7	0
A1NGDR6R7MVY09	0
A1KZ80O1BWH8DW	0
A1NGSYHWRYS4QU	0
A1NI09FXHYWQSS	0
A1KYTRXHY5TKVD	0
A1NIHLD0EIWLJX	0
A1NJ7GLTA7B6WH	0
A1NJB1LXV87M90	0
A1KYGZW4DZXT2W	0
A1KY4NC5MFY454	0
A1NMNTETDT2WVS	0
A1KXTEB2ZHWX6K	0
A1NNQJNT4VM5LM	0
A1KW4YRLFSK8QE	0
A1NNRORSFEVM1T	0
A1NO1SQQZTW1XE	0
A1KU2Y0E63O5VK	0
A1NP60HUL5NYTL	0
A1NQW5JYPA1IQH	0
A1KTE3UHSNBPI9	0
A1KSBR748HEJVF	0
A1KRA4Z49AROW	0
A1KZ8DMDF34IY8	0
A1L00EILJ8RSCR	0
A1NFASSNFSXF17	0
A1L19FUWL2P7RP	0
A1LH1D7QPIDZZF	0
A1LGTO8DKGMLJF	0
A1LG5M4VU7R6T9	0
A1LFCVO99HQJH3	0
A1LF98ZVLZEKIH	0
A1N5LNOS2XIGWI	0
A1LE0Q2AQ98MO2	0
A1N5YTRXL15R0P	0
A1N6PUTPQK91EX	0
A1LAZJD5R0SY71	0
A1L9EQV2941OWU	0
A1PMT26BX6PMKG	0
A1L80EO99GBHS3	0
A1NADCY9FJUSH7	0
A1NAN003YFYYJV	0
A1L7L2O3H043GF	0
A1L7E0K9TSDI1E	0
A1NBWQWKYQLN1C	0
A1L6SWG47BANM8	0
A1L4B9ZGFKHTEE	0
A1NCVUP51YAAA8	0
A1NE72669YL6IJ	0
A1L2GF30BU5MKW	0
A1NEB6H80B3SX9	0
A1N8XBUYMTNU65	0
A1PN4MT9RNFP6U	0
A1PO6L10UBK7BW	0
A1POC8YYYOM7WB	0
A1SFX2SQG54PJ6	0
A1SGXO2N0QXFZ6	0
A1SJNYL5G5X29D	0
A1SKUWYQVIQLTM	0
A1SL6FMTVXJ33K	0
A1GV2FKZDXSD23	0
A1GU6NCQEDQUVY	0
A1SMU8R3MET82B	0
A1GTXC1IXYIAZV	0
A1SPJ6VNRJCBBS	0
A1SPJ9P8376FUV	0
A1SPUV87XODSJJ	0
A1SS4GJRK6H8S4	0
A1SSG1AM3A4H5C	0
A1SSTWZQXRKQWM	0
A1SSUWXJ0XQISO	0
A1STS6EKZ6Q796	0
A1SU616CJ56Y3L	0
A1GSQV6GTJRZJD	0
A1GRTKO92T1SOJ	0
A1GRH2GEGT84JG	0
A1GRD2EN05KBJB	0
A1GQZTIAVE8BUD	0
A1GZ1K8Y76B0AV	0
A1GP621XVFBZXG	0
A1SEAO5TVL4XQH	0
A1SCCZGP2GRT7A	0
A1RT0UQRCB2765	0
A1RVDNDFN5UHRU	0
A1RVJR80KR7B0S	0
A1RVNLF6FGEIOR	0
A1RY0OCTFCBB8M	0
A1RY1DY1OXB4H3	0
A1H218P4VI14XQ	0
A1RZEQMFYOA00R	0
A1RZTYVG3TLWM	0
A1S1JB6BEC1YUL	0
A1S2MKMZPDCQHJ	0
A1S40KWNH8S85A	0
A1S49FDG4PNBI6	0
A1H1RNEJ8AAF8U	0
A1S5PQAHN5N84L	0
A1S6S058HV2SQZ	0
A1S7V488S6HXJ6	0
A1S8KCECEJ4LRF	0
A1H14GHO7O7GGQ	0
A1H0NLCX4T2CQF	0
A1H0FTOP6KCZ3Y	0
A1S9W1X2HCFYMS	0
A1SBEWNZ2TM3YK	0
A1H0BQES75XGVK	0
A1SZN9M1SDTGJQ	0
A1T02GVM1RLT3W	0
A1GNL6V10GUU3B	0
A1TKB41I4TTX67	0
A1FXTQXCXTB2J3	0
A1FVXVY3J2GNBE	0
A1FVIGNLF3ATP7	0
A1TKUHWYPT8IXI	0
A1FTXUBIT9JDER	0
A1TM3DZYL6ZFR5	0
A1TN3ZSXAA6WEE	0
A1TO7O321TT8DX	0
A1FRMDSU78RZM5	0
A1TP9UQ35A76Q4	0
A1FP2KJC61SIXE	0
A1TQ36QKQT2N93	0
A1FO95QERRZLN8	0
A1TS6UVQOFTYG0	0
A1TSJH68Y9U2CU	0
A1TSXR8925E2DE	0
A1TTS7IUK2PURS	0
A1FO2DV2IVXDQD	0
A1FN99X2HLDYQJ	0
A1TW1LALFKQAMW	0
A1TW2IO31O098Q	0
A1FMS5Z62TG910	0
A1FYBIZMNEONDP	0
A1TICGZG00DNC2	0
A1TI16L6FDVSJM	0
A1TEZUX96NJQH5	0
A1GNCNYR14WQJ5	0
A1GLVQ28U51O7R	0
A1GK7LYP03ITDW	0
A1GGFETZBO3QBS	0
A1GFMQSZHCJW6Y	0
A1T4ROX6Q3FQDE	0
A1GCLBASGFAGCK	0
A1GCKSHP2Q2YFY	0
A1GAG2X21XEL7C	0
A1T62USAQPCP05	0
A1T65M1XCUPA2B	0
A1H4XS0FNGPHML	0
A1T8IL6WU250OW	0
A1G7MA52P8BXN1	0
A1G6C0UYOVZU8T	0
A1G5R9FFA5DOFE	0
A1TAM2LUBMOOF4	0
A1G5KBE5ZDNAP1	0
A1G3KWEH7MUDYJ	0
A1TBTQ8X4SQSUS	0
A1TCJ34VMLY3T8	0
A1G2O63BJDCZX9	0
A1G12FEZGCWPDZ	0
A1FZR1ZTIAJFN3	0
A1T92BYPNR4CCD	0
A22GN9ZQJ6MHL5	0
A1H5Y2BKWJEFCQ	0
A1RQABQVFS95OH	0
A1IH0ARSCHHNKS	0
A1IGCQIBZ7FEU2	0
A1Q5JOIMTRK6Q2	0
A1IDUEIZLVODAU	0
A1IDRBRJE1HNM3	0
A1QB1QV86GM0MB	0
A1QBGGR6Y9XQHI	0
A1ICVUVHAKDLP8	0
A1IAS8HJF6AXX8	0
A1I98GJAHJHSAM	0
A1QCULR3SQ9IIP	0
A1I6QYFN3RUSV5	0
A1I669WQOVXRB6	0
A1QFSU3VGCU77A	0
A1I60W1BK73XID	0
A1I5VN5O4OSVLE	0
A1QGLH5NIGL2II	0
A1I58UM8DLT2QR	0
A1I3W3L9XSRFG9	0
A1QJNRSR0XGNIM	0
A1QKNO03IKANKK	0
A1QNQ0Q8BHJX60	0
A1QOC9T8AVXRA	0
A1IHTC4622NQAI	0
A1I2RHGIU1J3QT	0
A1Q4MZFRVPCGBQ	0
A1Q2E7L3DOQKVO	0
A1IW1L6B6QGB6R	0
A1IVH9FJ77G0Y4	0
A1PPEYPR0IHT57	0
A1PPNS5O82UY8K	0
A1ITU6YY73KQNY	0
A1IT2EZE5DBBI9	0
A1PR53BO8O21W	0
A1PR68AXR3LQ7M	0
A1ISNUJFE0SVJU	0
A1PRVWDZD33QVR	0
A1IRNVXK4HPNJK	0
A1PTNPLE0UQLQI	0
A1IRKDR77L2NVR	0
A1IQGMRJVWACKM	0
A1IQGH9K2XY128	0
A1PX5S90UPGNN3	0
A1PX9Y5C6PSN5U	0
A1IPWYPX9WQJD1	0
A1PXNUANG0REQC	0
A1ILHLHKSVNXO3	0
A1Q0IOLHO4K5N1	0
A1IJVZ3JNXCV4Q	0
A1Q12F6KENVZBT	0
A1IJAIEML7XEB3	0
A1QP3A4O2535AL	0
A1I2MT0ECOVHL8	0
A1I0FWH46GEFLP	0
A1R9FFWIUXPC4E	0
A1R9JZE9FMB0RD	0
A1R9RXJK5KW29G	0
A1HJG3STXRAJ7X	0
A1RAUAJGMXQ5HV	0
A1RBJD3QW63U2D	0
A1HICLLDGU5BRG	0
A1RCRA3I3THOW6	0
A1RF29TDECR6KS	0
A1HIBK6Y61E0U4	0
A1HI5WBYGRLNJD	0
A1HI5K9HZHEMPF	0
A1RGSGDXZJ81Y0	0
A1RHODHLPN0CJE	0
A1HG3S2VU22VB9	0
A1HFARA27PAC5E	0
A1RJK552L4YBNQ	0
A1RMA3TNNX5SPQ	0
A1HEZUL9PGJYKT	0
A1RMK720LD8WY5	0
A1HAYJ4DDNP7MH	0
A1HAQ7IKTCS2O5	0
A1H68DGU15Q85T	0
A1R951S6YTALT0	0
A1R83T5B35DSA1	0
A1R7PG9J7ZK0VE	0
A1R5DIGD0VABA6	0
A1QQTQVTUNPNTJ	0
A1QTYTI4IJ3KDG	0
A1HYBL1JI5052I	0
A1QU2M2BLUDEWJ	0
A1HXRDKQ78GUKU	0
A1HX5PIKRH33ST	0
A1HVXZZJK5LSEW	0
A1QUJTYES8IDZB	0
A1QVF2B3J364RW	0
A1HUL4082WCS3N	0
A1QW1ZS0881EL9	0
A1RQFE40ED8LEK	0
A1QWHXGJ937ON9	0
A1QZ8JL7CTCK1S	0
A1QZH6OAEZ3QT	0
A1HUGJ1IJHD5UM	0
A1HTL9SJTGBKKT	0
A1R0YBH8GR35C4	0
A1HSJBLXCNVVFT	0
A1HPXZPXE50KKI	0
A1HPNG237CNHUF	0
A1HNLB5C4XL322	0
A1HLBLIMIH37FM	0
A1HKKM2OW7BZPX	0
A1QWLE2YIP8VNR	0
A193RBZI8BFAUI	0
A1AODA0DCSV4WY	0
A1M75L5MWBLRFA	0
A28K026S6WSABD	0
A28K6175ETG39Z	0
A28LD8ROTX88KH	0
A28LRFTEK50WWP	0
A11UUEUTPI6I88	0
A11V0XPG2D0IWV	0
A11V3NEF1LFY3J	0
A11W5SB3O536Y5	0
A28IX5U1QJJZU	0
A11WCJN0E6LYW	0
A28MO3GGZRO2BR	0
A11YSVVMJ42AID	0
A28MVRNXW7FSIA	0
A152ETVJOMWJNU	0
A28NM8XBGJT5MM	0
A28NS9DKMV22G5	0
A152807V3Z2BBZ	0
A11Z4T6V45G4WV	0
A153DV4IHX3P4P	0
A2DLX5MRPE7ZWZ	0
A2DPYMNI2HCIOI	0
A28FX7L2EJLMZ9	0
A159KNIO4IFDMJ	0
A159IIDG04RYUX	0
A28C31F55I84XA	0
A28CRRL613RMVZ	0
A28CWGOS6OX0A6	0
A11M2ADK4J5EVV	0
A11OQZHDTPMDT9	0
A158SEX9ALMK0B	0
A28HC568ZAWK1O	0
A1582KA9Q5CYN5	0
A155ABZ1Y9REVQ	0
A2DSUD4EVD9CUI	0
A2DQ0DXZSO3SD	0
A11P4LJ11XJV4Y	0
A28F5OASAOTAI8	0
A11RD2MRP3VE5K	0
A28FTIJVL1CTA5	0
A1551O8AY9JNEQ	0
A28ENZKKGVBIBW	0
A150LAOYQMYC1T	0
A11Z77R2XLVD6	0
A28OSPX458JSMI	0
A1240PAPZB4Q7L	0
A14ONJLI6XWTCE	0
A28ZKCG5OBWUEV	0
A2908TDDK4065T	0
A2DGM44F246XMB	0
A2DFNZI7E8AWMK	0
A2DEMROKYTYIJ2	0
A14MKNKILCJDH7	0
A14OXLGSG3RQR5	0
A124XR6ORA1W6E	0
A1258ZE9LA8FTH	0
A14KGBNE5N64CO	0
A1270CM73BL22K	0
A294R4FRR559GQ	0
A127UBQUSC449V	0
A296QTF8EKB2GR	0
A2978DGFRV01KP	0
A297UIZK794IF5	0
A2DDCPW9FJPV9T	0
A28YO2O69GQ3FQ	0
A2DH7JUU3FTTE3	0
A2DHJ07REBFROR	0
A28P66W0O9ZKUZ	0
A28Q3FLRKEDISK	0
A11ZU7HUX6W82W	0
A2DIHEECPMD49T	0
A14WFWM68BX82Y	0
A28RRXYHN5O2TI	0
A1227COQLUORCD	0
A28SYHTF60P3JW	0
A28T5ZJRTHCYY3	0
A14VVRRWDCKCJ1	0
A122UPQG36SKRN	0
A14ST2LHHMI453	0
A28VESZ9CUDU59	0
A28VN1TEOFON7F	0
A28XAER5QSTWUL	0
A14SRS9FYFMM5I	0
A28XVLY0EQN2MF	0
A28Y4DAZH0VXKW	0
A2DI2TNAS3X4ZH	0
A15A8685ONT6ER	0
A297ZI01Z8BEQ4	0
A11L1YLXVZ3LPJ	0
A11K84HAKA2BJV	0
A160JIV4IEWTJU	0
A27F47UWVXOV07	0
A1609S0VFRXJXP	0
A1604PRH1ITEGU	0
A15ZX5QCK2FO6	0
A2EI9600UB8KAB	0
A27FCEP5UIX1ZK	0
A15Z1NVR1H01BF	0
A27EDB6Q7K52G9	0
A27HCF3OZ24LEW	0
A119LTTN5H8F0S	0
A12SS35YTDYSQN	0
A2EB86ZJM56VQA	0
A27J7PUQUE92VV	0
A2E9IC8HAGA60	0
A27JY7TY3ZSVD3	0
A2E6QO11G6WEO5	0
A27KG6FSBH6TWI	0
A15YKW23RF3C9E	0
A2E6MYBYADEBAA	0
A160L1GODVZ8QS	0
A27D55ME4XBNL0	0
A113SZLXHIEUPB	0
A168EF829CYSCD	0
A2EMAH6W8HWI7Z	0
A115IN9QZT3UMN	0
A167S5WSXD86RX	0
A27A285M5EDWK2	0
A167NR9D4XZHIK	0
A2EKOJIR40T2D5	0
A116UGMTR5VLQE	0
A1164UTW1489ZA	0
A1654GXZ1PTDIJ	0
A163UB4Z1FQC5N	0
A162T7TURQBQXY	0
A116KCUS73FJQP	0
A162HTKDRIO5G2	0
A27C1BX4824DT4	0
A2EJLPLDVC63RO	0
A160N7IORUC6GY	0
A165KCAXIVOBG8	0
A15X1NOQ072BZ6	0
A15WJ0ORGJNLPQ	0
A27L4B7N261WS4	0
A2814P4P36QHPE	0
A282BRS7Q3SXAD	0
A11EXLMHCQLDVF	0
A11G08TUE9KDKC	0
A15O1IY5T4NINM	0
A2DVOJL4VCOYVN	0
A282W040URKOGQ	0
A15MVDAICFWS5	0
A280S5HTVSGODG	0
A283LMNS8BMWT4	0
A283WBHFSI5GRB	0
A2845ZWCLFBGKX	0
A28744D9LWDQA6	0
A15MKCFBZ5D1S4	0
A15FTM2GKA003J	0
A288LKWW8MVA72	0
A11JROHXBHGVX7	0
A15AYF3FHW54MX	0
A11IC8CTCP48NE	0
A280JRMEBHA63S	0
A11EWVPJPI5XAG	0
A11DNT6UFX45S7	0
A2E5FCIDSHH99M	0
A27L93PTPEJAIA	0
A119M5UFRX1G9H	0
A2E46P0SS8WDZ9	0
A15WCLTTNE8YO	0
A15UJJ2XO4YHE0	0
A11BXE3OV0GMRS	0
A2E3UCNYNRNSLJ	0
A27MP3ZYBAA16T	0
A15UIC7F1ZTJG1	0
A11CNG96IF1OF7	0
A2E3HYPS9DH62Y	0
A15RXM0Y2UPW0E	0
A27WEBGMCBKFDR	0
A15RNMNNP0DZX3	0
A15R7XKH3RC3IJ	0
A2E1SZQY1TDY70	0
A11DMEBUP7V5UL	0
A2DWVDPDXQKBUO	0
A28BU664L5P1I9	0
A2989IMTLF7U8E	0
A14JNK14Q9GDHG	0
A12A2Z44TW7Z2I	0
A13DMQR9QNTNL3	0
A2CGI9IB8WD9I4	0
A2B3QAHKAQG24Q	0
A2B63YZK4XZ7KR	0
A2B6I0N8RNAQXJ	0
A2CGB8JA86PWQX	0
A2BBAQD4Q09ST0	0
A2BBJDIAPMDVVH	0
A2B3F8KV8YM464	0
A13DC9SS72P9N7	0
A2CFMK9NJZZWEQ	0
A2BDIGT1P6QLBS	0
A2CDT1DWLX5W2J	0
A2BEW9FKWI2YRP	0
A2BEZHB27P0CKJ	0
A13CVE1T2SPYJW	0
A13AFKTFA7RR80	0
A2BFI4VU0T6MN4	0
A2CG7C9J02H5K4	0
A2BFXDXGTIXQG3	0
A2B3ETUEO92UHL	0
A12PGU7RJ3A016	0
A2CIYEXKAAMPTU	0
A2AOG8Q9N9JTEN	0
A2CITM7RP1DPOW	0
A2AOPSMS5FSRFE	0
A2AOQB0A54PSKB	0
A2AP3QDAN4W0XK	0
A13NGGCLJ0ZXUX	0
A2ASVRN1KDTEOD	0
A2B0HKH4R1U0W1	0
A13N35J934UR8C	0
A13KPLO52A5F2Z	0
A2AWAYE3KQEWH9	0
A12OUMWZ3B5IMF	0
A13H31LR22T8LK	0
A2AYFAXCNR13TP	0
A13GD0835CUV1Z	0
A13ETK1KZD0PM6	0
A2B082PZLAGGK5	0
A2AUI9LDKF027R	0
A2BGDQG2D0EWXA	0
A138IVRMXFBQCO	0
A2CD4E8UAGXX7I	0
A2C073PJ0TJAMW	0
A2C0EFOD7YDTDQ	0
A12WYLYFAXU048	0
A12RCRXN181OGM	0
A2C3C4IOF7YZW7	0
A2C3RLEBRBPR4T	0
A12S839O1ACQA2	0
A2CB8699VOMYQ2	0
A12XNQ6GYVSFFO	0
A2C4RPGFJE10FU	0
A2C6PG2S4T70I4	0
A12VSF9LX72MBQ	0
A12S8A6OFHLNRL	0
A12V2M84DUFGL5	0
A12USFNAIHLTUV	0
A12SX4BZ3J3Y2R	0
A2C7AZLCGYGD5W	0
A2C9NF3X1YZHQE	0
A2C4ZV70PRW69J	0
A2BZCVYU5J52OW	0
A12ZTOWDV3ALWK	0
A2BX7HJMXOAL94	0
A2BIRIDF97YOD6	0
A2BKKLG58YOVZB	0
A12PJLOGCFRQSS	0
A2BL9QEAPA9CEQ	0
A137O6TZG1GCP2	0
A137DHZPTA23LY	0
A135A25KV7MWFP	0
A1358VN1KEGP85	0
A2CCV588JDYG6Z	0
A1356GMXQ88Y46	0
A2BLKOR5GXPZK9	0
A2CBMUD5V3HTRJ	0
A2BLRLS5FESGBU	0
A2BLXXYEJTKBNI	0
A133T07WO5KYX3	0
A1316YMFW9D203	0
A12R3559WAB2QA	0
A1304L6ZJ5CFSJ	0
A2BVLSQDYFTTQ0	0
A2AOFXI2TZYD0G	0
A2ANRBHK9UJHKU	0
A2AMO4KH9PJ0OF	0
A13QXQJ3TXUBFY	0
A12C738N343JSO	0
A2D7M6XY0R30F3	0
A29P1OBIEHPUNM	0
A2D7L3RMF0KG8H	0
A2D7L2YX25O25R	0
A12DCCFA8VFZE7	0
A2D59P4YEU4D9Z	0
A2D25QEO9ROKR3	0
A12C2ZNAM4VXOR	0
A29RO41RJZEX47	0
A146WAG56KFRIF	0
A146S36JAQ2KCM	0
A29V7AY3IJAJ9B	0
A146QTEE3TIWVY	0
A146PAHD48UPIP	0
A29YCCRUAUI1HU	0
A1463X3GWAONC1	0
A144EJI614M2E3	0
A29RP9O56VNMYH	0
A147JFUYSKQQYD	0
A29MFO6ETMVLW0	0
A29LSGATWAUM6J	0
A14J61UYJPIV2Y	0
A22JY25I24NHQM	0
A299W6KRUXC2JO	0
A14J2JZEXDYP3R	0
A29BSPQDVOMA3R	0
A14I4RF8L50HZO	0
A29C9WPFZE4Z8J	0
A2DBOHSX70Q826	0
A14GMVUE6YMVOB	0
A14DQYJJMUL6OW	0
A29EE27LHLT09L	0
A2DBL7DGFEH8N0	0
A12B6K6E6YZCDZ	0
A2D9FK8499ZATU	0
A14C7CYP6IEAH	0
A29IPUP78065FS	0
A2D8A30L3ND4SJ	0
A29K6TUUIYLCXK	0
A29KCTVXZRG8NG	0
A144936JMH3KIW	0
A16BVTW5Z12JDN	0
A143GMTMKU6UAT	0
A1437UJU8QKU60	0
A2CULODPKOX770	0
A2AF6CL98LM034	0
A13Y9OKTACHC31	0
A12MDSCZXTR12W	0
A2AFATE5ZW8KO	0
A2AFH2KH9N7VQX	0
A13W363BOXD7A2	0
A2CRJY02T11NSG	0
A2ACR7XKH1B0HZ	0
A2AFQXEYAKY4E1	0
A12MRGKSG0DV8Y	0
A13SKAE9WZWX2C	0
A2AHO0MMRQXVTO	0
A2CNI4NIE47N9S	0
A12MS0HJIUGPY7	0
A2AK6P8BDJ2BR8	0
A2AKL7LJTPFT82	0
A13R550JP3A8BO	0
A13VVKRNUQJPER	0
A13YNGC19ABOWM	0
A2ACFMXQ1078LA	0
A1409GSM50933M	0
A2A43BI5DHGHK	0
A2CZSYUNBKIYRY	0
A2A4PGN89KWH0A	0
A12H4NQYJEZ1TS	0
A141CVXKMK2NMU	0
A141412IQ6DPPI	0
A2A6DSJKSCFMJ	0
A2A6T59QK9SGKS	0
A2A88BGQYPD7EH	0
A2CVT5Y1WY3XZQ	0
A12JIY8YECWOHF	0
A2AB23G799SOCU	0
A2ABHJIXLCZ503	0
A2CVLGXNX6DUH2	0
A12KYMRWCKXFFJ	0
A12L9XWQGIN4LS	0
A140N28LQHMGRU	0
A2AC5KC60PE0VG	0
A2CUSRODI1ZZD8	0
A12ENBT314RFXR	0
A113SV012YIM5N	0
A2EDK4ADMVFSCN	0
A24NMR8B16ST93	0
A24P28ZI2KYOX0	0
A17O9E7UNZITVE	0
A2FV9630WWGLCG	0
A24SRDH8FQXEV7	0
A17MJ9IYJ8Q3CU	0
A17LFC5908HQN6	0
A108MNHOSCDZS3	0
A2FU6FIPCQCYM4	0
A239RVX6H8J55S	0
A17L1ONQ8TD4I0	0
A10AHY0P2RJ6JV	0
A2FSDZAQPMJO3	0
A2FRHSW3ET3Y2F	0
A17KINRT7GOWW5	0
A255RT71F8VXRS	0
A24OZP0P0PYLC7	0
A2EO861RUX325I	0
A2FWA1B087BULH	0
A24MYSR827PQ0Q	0
A24JOBVN4UM66T	0
A23BRQWL8LNB37	0
A2FYBHC853YRNA	0
A17V3OPB4XMQE8	0
A24JP0OT1W9P54	0
A17U3HZEECB5HY	0
A23BPKU2KYJ0J2	0
A10CRW7XRJBJ2G	0
A18J5L72PDUQMA	0
A17RL0VYIOGBOT	0
A17QVDE9PFDRN1	0
A2FXKTDEEQX8P3	0
A24MXDMCBVK18Z	0
A2FXD3EL41H2O	0
A23AR8YZJAUQW0	0
A17QN4J622LW46	0
A17S5SK4Z4CIIE	0
A24J7KJWWX1SNQ	0
A239NVXHBO8IT1	0
A18JEPRNHHM0VT	0
A2FGRIG9GI96AW	0
A25D37LVHZUVHX	0
A2GJAVB23HVUT	0
A25E3E5FU7HUGV	0
A23367UINE7CYJ	0
A25GF8UC4VTVNW	0
A25GSZDGOOQ8VV	0
A100L918633LUO	0
A23MG20JMM5ISZ	0
A25HYOU4S3ERSP	0
A25HZAKTCS2PYX	0
A25IB9LLL0L6M3	0
A231TIF54F0L7L	0
A17GEYVKW7M1W	0
A2FFIN09JYYSMJ	0
A17IAC4RVIZ05D	0
A18OJSV1W3G7N8	0
A2FH91MAO2WBAQ	0
A25CMIJ3JMBW6J	0
A257CDGEHX6ZH4	0
A10E6UOB7WEWHB	0
A2GIBOQ7JL6JZX	0
A101SNCC5GILEV	0
A258YU9YI00VQD	0
A259U7E2COXEE0	0
A2FNK8AS8HD5TC	0
A2394RT0LN8QI4	0
A2FMWIQI3D8JSZ	0
A235T3W2AGSPFW	0
A10EIY91UJJZK1	0
A101C7U4P268CU	0
A235AXM77WKJO0	0
A18NJ23KZ9LBOV	0
A10F15DU5XF86H	0
A25C9U27SXVC4O	0
A25AC5CI7DK0MN	0
A17GCI2ZI451H1	0
A24IY7F3DRYKQA	0
A24I0VHH0ASOOO	0
A23S7PE12AIAG8	0
A2GCC5YRF2JR4P	0
A2GBU89DKRU3UW	0
A23GKFF9W41ETA	0
A184KM0B378JKU	0
A2GFNM8Y3BJ7HV	0
A2GHJJHYSS82FM	0
A2GAHIZ331C9ND	0
A23SXY6GX5JWS8	0
A23V73459729FG	0
A2G9AVNR3TJW7F	0
A23EBERRGAM3NK	0
A183AGX2TAK2DC	0
A23W6JR4KB32JQ	0
A23WTTN75ARZEF	0
A23H2PFUJ98LDX	0
A2GCGZAY6VCE7T	0
A23HUYO3IZSPF4	0
A1866VB1KKSI5P	0
A23N0FWO7ABIV1	0
A23LYMWMTOQ6TZ	0
A23LF105VHNS8V	0
A188L5H882TWB5	0
A23KAIPAUKT88I	0
A23NDIGVIP9DK1	0
A188L3K2GZL8EV	0
A1076GMEXT163K	0
A187HYWVXYZ3QL	0
A2GDJSW4FDQQIO	0
A1047P9FLHTDZJ	0
A23O64XNKA7VED	0
A23JVWAUD2SDBS	0
A23PFA6UX8LS4K	0
A186X1ECQGV6VI	0
A106FGI96GS6CR	0
A2GENIMG7TOA48	0
A24I7BCY99FN5V	0
A23XM3ZWIBRHSF	0
A1820P10CXMAJQ	0
A17YI681W0IRK1	0
A249MRLYTLTAII	0
A249WP3E65N0CG	0
A249XXFLKAZ4KC	0
A2FZVUDXBZC095	0
A24AJ2VO8LM7BA	0
A18G5O4QNORQNL	0
A24B6PH901HGEV	0
A18HNGK355JBXS	0
A24DXJ2BLNA1OD	0
A24E59OG03WHAZ	0
A17W0EZL2JW9EN	0
A24HIT4QN62ISP	0
A108A2KDOGAT8L	0
A24HPX50XSOTXF	0
A2474M8ZFQO1JT	0
A18G2JIC9AJQGQ	0
A246PV2Z74FIYU	0
A2G6BMA5OKOVG1	0
A107TMZJ34DHDE	0
A242A2GAN46CWO	0
A189N8EN9JS8PS	0
A242ADDCE3YB3U	0
A244API0S26A5A	0
A180YAAWYT72UI	0
A1801221VPRZ8J	0
A241B4V8U2MYKZ	0
A2GHTBHQ7G1A4V	0
A18AXTPNVGNIMA	0
A102MVMV2I5P2G	0
A244JVPE2J4JPX	0
A18DKOVXBXOH9V	0
A244KWUMBA3W8R	0
A245760V7HRK5A	0
A2467GVRVGNO0D	0
A2GI5V57YC9KTN	0
A17G9P7ZDA19JF	0
A10GYGJEMQ6VTI	0
A17FBSRID0HBWE	0
A16VJ04CEGWQ2C	0
A16UYSMERFFVB0	0
A26BTE52VMT9SP	0
A16U5IPQUPMEXY	0
A26ERCCBFYUTZQ	0
A16TTKY11RACVM	0
A2F06AN5TRPWY0	0
A26G6Q83J73YOS	0
A26J72MXD4Y6MH	0
A26JCHHXW9I63F	0
A26JFEHBWAZQWN	0
A26KYZ3D2AQ4JL	0
A10WF73BKJDNQZ	0
A2EXLS21H7FVCU	0
A16SDSWGDZF3H9	0
A16XKYRSWXYFKH	0
A268GX819E8OUK	0
A2F2L3CTO74OZD	0
A16ZPEI1N5MB55	0
A16ZNJD6MHB7R7	0
A2F6RJR0DA5AC2	0
A18TS1HPQ6XD1C	0
A264FCSU1VTD1O	0
A265WVEXXDLO1R	0
A16YEMJVPI5LT4	0
A10VHWO3GQ22E3	0
A18QF5QW6UBNOX	0
A22QZ3QZ131TFO	0
A22Q8AMR34XUQI	0
A2F50MUHDZ2TP1	0
A10VVD2S6W6ICO	0
A10W0L7DNBZUZH	0
A18U1L85WOUED	0
A26PY2RWUJXY18	0
A18WU6UWCOJT7D	0
A22PV02T6T5B4V	0
A2EW4XFJUQH5AO	0
A111DMR31BWM1Y	0
A271CJWRJQCMC9	0
A2ESBVPSX218FM	0
A2723ZQYYUQ9U	0
A2GO884DHHQBOL	0
A16GK8U5YYSU9H	0
A274FMZ8SFXYBT	0
A276GC7AJCJDIP	0
A11281T91JTEJK	0
A22LGTFVO271ZU	0
A277ZKHUKDM2M2	0
A2ERCP8FQB8CWK	0
A2EQZ4M0K51JNZ	0
A22KWVY8JY5H3D	0
A2EQUW4TC99ZA	0
A2706ENHRQ2UQ8	0
A263WX6JVGBKMS	0
A110YE5722OY6W	0
A26Z42KH1G73GR	0
A2EVIFKNK52IS4	0
A26VZ7O4PTH2PM	0
A2EV5VS4518MAQ	0
A18XSUA5A9XB90	0
A2EUV80716U1XQ	0
A16L4972RI2PFB	0
A26WHR1IP0A250	0
A22NIY0CY1N2Q2	0
A16JCNUW5RUJIJ	0
A26YKAJ3BO35U1	0
A2EU4E3K9C0PGF	0
A10Z8S2DF92U4D	0
A26YQC4ZZTQGY3	0
A2ETX98XZ0BWBH	0
A16IZG0LG3FJZL	0
A18YW99IM0VBGG	0
A170EPVC3XI5S2	0
A22RIIYSPA3EDH	0
A262FOYAMR9LFJ	0
A17BW1V7IIRP7B	0
A10043UME109YW	0
A172FLUUBMFZK8	0
A10TDOWZXEWSW4	0
A25VVM3B9SG4K9	0
A2F9NKPLMERSHS	0
A172VUC9SD7BJM	0
A25VRA4T6OF519	0
A22Y65FOGKAN6Z	0
A173XMTC18UG7Q	0
A17DS3XSVFJWSR	0
A25OV7S94LW3RB	0
A2637P59FJ47VT	0
A100JHIT7ABC2S	0
A25U2K34II1BFT	0
A10R3PTXRPLTFL	0
A173ZXNB2S8TT2	0
A2GN239BLX4LU9	0
A18RPB8VRMFD88	0
A17549RJOXNT6B	0
A25TMOO06Y8NNC	0
A10M8ZPX3JIZTN	0
A25QKAO7ULCAK2	0
A2FC2RUX0QZ312	0
A178011GES3J19	0
A17BJS8JDS0M20	0
A18SLDNHN6EMNY	0
A17BRBAGVC5J1G	0
A2FCKMO78F5XJV	0
A230BAOGWVOS81	0
A25XCXD9M89OUC	0
A25WR5DC38UMYS	0
A25XJUNPZ5OTDL	0
A170PWBGXYFK8G	0
A260YYZR97JYDE	0
A260TPR042L4T9	0
A2FE37O05J3UE	0
A1719L0BKCT1LE	0
A10TJEN4M93PEY	0
A231GG50LYYGE2	0
A1723BTENU6DXE	0
A22RLA634EOB46	0
A18QT635AX0LPK	0
A25ZM6XJF321SC	0
A25LL3OSC46ROV	0
A17E4DJF0G0VD6	0
A25LHBV9QUXWY8	0
A2GO5LR4JLRHVK	0
A172A4JG4SZCLU	0
A10TID8QE5XQ04	0
A22UNIBY0F05GF	0
A2F7DP3P4YNFH0	0
A10J2KZ8MFY9SO	0
A25YFJI1OGK44U	0
A25SVT3HEO7GE1	0
A2GLL4L3HLBJAA	0
A18TIHEY4LWQED	0
A18QVLKCFB562E	0
A17DVNXPL8GZME	0
A1I57DBBYG9TGA	0
A1IJQ1P01VQD8E	0
A3SSZEN552BF56	0
A12NGO2W5VR8AB	0
A1IA4NFOC9SPOS	0
AVLLVM1W48M00	0
A10182R12Y116W	0
A1I4DMDF6SD1B4	0
AVCLZD6OSWV0I	0
AVENZHG2X8EKH	0
A1I9LFZBYR4C6C	0
A3SZ218MYSRRJO	0
A101YHABO9U3KO	0
A6VZABYTEHE8P	0
A3T5EWCV90JK14	0
A0695568PX4DBZOQDN8	0
A6YFKAG38OAAW	0
AVK64BFN0FNTQ	0
AVGGNSSM4M9K	0
A1IE0ICI2DJBTI	0
A3T4LSDQNMNDH2	0
A6V4TO4RZK6YH	0
AZITQ3B1HTYCR	0
A3SVVRH3VFD5X4	0
A1IDTUK2Z4VAL6	0
A1II9V9KSERKUC	0
A1LXOXA802MT16	0
AVHVTBN0MG5AZ	0
AVKFCOBOMMS6V	0
A3SXIKNA0NQ3UV	0
AZSZN38S1LZPB	0
A6PPVZG3E8UFS	0
A3T8D4EZZB5CIN	0
A6TZ3MADN1JSU	0
A0435554Z2P98AIGLNCS	0
A103HBC7IG19JD	0
A1I59CNXCJT48A	0
A6I5QQ3UO7BRR	0
A1IKBIWNTIC6KA	0
A1KHPQCMY96NLN	0
A1INJ4TXQJCTQG	0
A45L6L7FD1A0D	0
A47Q26DA5037K	0
AX6Z93GUFDE1D	0
A494HFUJDOYBV	0
A4AQA2S8MWOLZ	0
A1L0JEXM44GXIE	0
AX3MHYS57PZBQ	0
AYJANEHH1QYF2	0
AYN6RIP4I28DR	0
A1L51BVLJMKY5Q	0
A1JQD61TY5ALB7	0
A10J6JDWACWWA2	0
A11SBZ68YFCO40	0
AYPKYR6Y4RPH4	0
AYPOPFZCKRPAH	0
A3USANZ5MODCD9	0
A4M5FY5JOYXRZ	0
AWTOZXN8QZ5KH	0
A1JMY2W4V5UQLC	0
A3US9GO3CJDEUK	0
A3URRA3MD4YB49	0
AYXNHI4OJL4PE	0
A1JI8J1QQBSAHJ	0
AYG373EDCD7E3	0
AYFY88FOJTDFM	0
AXHO3E10QHF1S	0
AXKTC9FEVLY0W	0
A1KI3K46QATKVV	0
AY021C8WVRSWY	0
A3VWDQ8ZB5I8KL	0
A1KK0JVPNA0DNI	0
A3VMY92HE0B97V	0
A1KMIPRN0MCYSB	0
A3VY9ZEUGTD2PX	0
A1KQQ38AR7Q7S0	0
AY4FDXMBMTOIJ	0
A116V70STUHCYJ	0
A1KTVUVADLKWZO	0
A4OVVTZQ4K6YA	0
A3VZCJWM4E8EEN	0
A3VGW93NKUM10M	0
A3W41VHLM0ITKM	0
AY6DR5S7ZIVWC	0
AXNNJB5BWPFRM	0
A10XL2CAKT7XWD	0
AYC0XQ49O5N3G	0
A40ILJ7X4N5SJ	0
A429IUVWDCAV1	0
AXL7CZ1MI6KXP	0
A1K4UAWKG3AHQG	0
AXL19PWYTC7GO	0
AXTF773YFSCN2	0
A3TC6OQWZDBSIN	0
A4P9WK7Y65O58	0
A10FEVHZPK71QU	0
AVXEORTO113VS	0
A1LPSD8EOXIBSY	0
A12FW7E8JG5EDI	0
A12GMH37RY0ZN	0
A1IUZRQPKTFSR6	0
A1IUJ71I9763MF	0
A12IJJSHCVCFMI	0
AZBMAT9K1YUD1	0
A1LPXW0AG9PDZB	0
A3TMV0CAQR7DMP	0
AVRAT9BBYQKKE	0
A3TJLUF98I9ZDL	0
A64RT8EJVLRGE	0
AVPYH46EFAJUC	0
A1LSX2BKRBOFNO	0
A3TH93G2VRO89H	0
A664BU0D5XYRM	0
AZFJSQQV5OOZS	0
AZGDWJ7YDETUV	0
A1IPM2WI63SYDF	0
A1IP8HLH7ZG69B	0
A3TFTP8LFPSVRR	0
A1055632N6KJGY	0
A5S0QDDFOKD4W	0
AVZX8Y9QZHQT1	0
A3TVHZ9VUG614B	0
A5RJO563EUV3D	0
AZ4B6QL1K5674	0
A1LEH1MXYVLL4Z	0
A3UJBUSDVGK0FZ	0
A1235J5HSC60MW	0
A3UDB4IPZZEU4A	0
A1J9VRY4LZS9XZ	0
A124C1VZG14KUN	0
A1J8QY1E87ZV9Z	0
A3UBTD2SDYTVFF	0
AZ54V6YQC0CAK	0
A3U7ZTNQMYV6ZL	0
A1JF2BXCBE7O2T	0
A3U4SZ9E4U6PYE	0
A59AMVSJ5ZS7C	0
A1J02XMVJFA8NM	0
A12A5M68RX058L	0
A12B2QCXYXB8K	0
AZAV2SIHOKH8N	0
A5E6K4OP32P6T	0
AW8N8CCY0I2UV	0
AW7PSS17RGM6P	0
AZBAVFINZ7M1D	0
AW19TQSUT8DZQ	0
AW0F5WO40SHW0	0
A3U0JKZXWWWQKU	0
AVA02X16CWZLC	0
AK8SPSRLTLCL2	0
A7D8166K8VI88	0
AG3FYOB9BDRCV	0
ANOHGVWM8P6U8	0
A1BXKPI6JA2UR	0
AFS2VA6XKGSG5	0
ANW2BGM8JU0XS	0
AFPFG5S4MP443	0
AFOEOP87K031I	0
A16Y98H7QIWBKV	0
A1C8ZYG1UW0316	0
A16XLL6RL93553	0
AFMWWY10U9VJW	0
A16VZX045KK9YH	0
A16QR7TBAHR76S	0
A16Q479PYT0G6N	0
AFDXO09QU4F66	0
A16OVMO5BTGJ3K	0
A1CDHB4QASOJT7	0
AG3OAXD6XZZMY	0
A1BT7N3RYPOF8R	0
AG3ZKK61Z1O9V	0
A1BQQF9X6FEAY7	0
AGEV4856MHZZ0	0
AMT29JS8W10YW	0
A1BMCLKUHC0WLU	0
AN0NL8U1I4929	0
AGD5PWX87ROTW	0
AN2HXTKZU48X9	0
AGCS3OFIM05GU	0
A1BMFJCCN4VOZC	0
AO8IJFK6594RB	0
A17DFH9XTXN4X6	0
AN7SH5IZPLPD4	0
AGA8MLV5MZMN0	0
AG9UO0GZ6NIHE	0
AG8R69HAFO62	0
A176TNY3CRVE85	0
A1752V23PKZNTN	0
AG8FKGJ798JM3	0
A1734TZRBHC45S	0
AN7PMIKGQ1ETW	0
A16NMZYEI2KQZ8	0
AOB5DWU54V3TS	0
A16N10LBFEX9R7	0
A1CTBNDXXGV1F9	0
AELFA5JZ4KJTB	0
A1CV7K7AQ5KCZT	0
A166RID05888LY	0
AEH2I8H7L171R	0
A1CXUPHI6QPKSS	0
A1CZ25UPALCTP1	0
AEDRQB86YETTQ	0
AEN3M6RYKACUT	0
AED9ECQEV7SUU	0
A1D6PWR76DOGIZ	0
APT3VPFNEMKR3	0
AE6970JOZCKSY	0
AE4S94F5OMVO2	0
APWEMNLR9FX14	0
A1D91BRF8C9ESQ	0
A1DC4YD1BWLXBF	0
A15Y0WXZ8I2T2S	0
A1D5EZHJDRPS5V	0
AMSD8XFDJ6JSR	0
A1699YSGL8Z8XB	0
A16G5XKSX9XGZ3	0
AOCV8FF8EOGPN	0
AOEGEPKUXET8A	0
AF5MPNY9GWJEZ	0
AOGRYJFBL1G49	0
A1CI7LOOPTUDAT	0
AF47SBURAZUZT	0
A1CI82L9N1079J	0
A1CIKEDAPXFQTZ	0
A16F62TQK0LFD8	0
A16I7L66HVB59S	0
AESGXCFQVNK6H	0
AOMUEIHGPO17D	0
AON93VWBAN10U	0
AOO9WLONQE774	0
A1CQCE3Q1BFAZY	0
AOOW25GF0KR1G	0
AOP47MMLPAN4R	0
A16G6T44FPNWGO	0
AEXLFJF7EYM66	0
AMRO7ZED20X7Y	0
AGHFR8PNSF9SY	0
AGJRO2CB97BX2	0
AJ92AN4C0FQOQ	0
AJ8TTDGADMBFO	0
AJ7JTIP1D0J88	0
A189R4VCST004J	0
AJ662BBMKNWH7	0
AL97UDQWJZWPA	0
AJ2IO0P4V9CD8	0
A19T7GOVC1TODL	0
A18J2EN2VAKHQX	0
ALC1T5ABKIUE	0
AITH8C2FML1DZ	0
ALE2HZ8A8YY1C	0
AIT54VIH7JS6T	0
AIQS9IIY9BG1G	0
AINO4AKN7H5KP	0
ALHT04YCF2EW6	0
A1A0CU5QEFMC5X	0
A186VDAIOH0CR1	0
ALCPGPP1PT1T2	0
A1A0JNL1UNLK9J	0
AL2XXUSG2IS5G	0
AL1MEN095X6C5	0
A194K60CWZ371J	0
A190XXJ2HX4TGR	0
A196EWKX6XUZ6J	0
AK2VSD7OSDQRP	0
AK16KSPRGE7M9	0
A19B6DAXOGO6YO	0
AKIN43MKZJRR0	0
AJOH3QRLNNL00	0
AJAQW709GVEP	0
AKJCB2KRICTJL	0
AKQPPKQS9YQW9	0
AJM75SEWITJWM	0
AJLDA2TMGCPGZ	0
AJK2NHJE1CAKI	0
AJJ8JHHDH13V	0
AJGC1OQAR0CBN	0
AJD48ENUOJMST	0
A18K1ODH1I2MVB	0
A18T9E4ZJONUNN	0
APWUKAV5TTKOA	0
AIITGY2WG2W90	0
AIH1AT7AHKYHF	0
A17NRLY7A56ZOC	0
A17L2OLDW1AYCE	0
A1BEQSJVEWIE1C	0
AH7CYCNCLY8JL	0
AH5IY26YHXEUU	0
AMON2QNCTNFXN	0
AH1WJMRV4YV3S	0
AH17L6MEYE441	0
AMGTFGB0QOUJU	0
AMQYYAV8Z9I6P	0
AGWFJXZZDMEM	0
AGW7ZH4JCOM8Y	0
A17IVCP5ME90AR	0
AGTLVL0NI7ROW	0
AGLX6F19BKWV6	0
AGLBZLQIJMSZT	0
A17IBIXR9HZ4ET	0
AMRCP8I4BCLPW	0
A1BHFEH9X7EJA7	0
AIH1FJRDAEF4K	0
A17QMMQ6WTDS25	0
A1B60ARJ5TCYO9	0
AIFM1Y22Y8XE4	0
A1A2KX40S7S5RW	0
AIEN3QW6IDKH4	0
A184KJXBHEVU8A	0
AI9HRAN96GT9P	0
AI94KRUVA2QWC	0
A182QGWUT8857A	0
AI7NPGMRVGYHC	0
AHEIXJ9EKOBCE	0
A1ADDTP6ILRL8V	0
A1AKDN4ZLKZFF6	0
AHZIRRZPES0XS	0
A17WX71OTLB271	0
A17WJFQM1SOEBT	0
AHSY3YAD8ZR8G	0
AHL98CA2CJHQF	0
A17TO6UJEID590	0
AMEYEQ3DGT9RU	0
AI2O3PDCTMQNY	0
A1I2Y1ADOUZU0M	0
A15XKO5KNF96DC	0
ADTYF2N63PYBH	0
A1G7P69LWXW1VW	0
ASYXZ0M6H6PBT	0
A9RVVB8UFLKO	0
ASZB7GZXIUIT2	0
A1GHLAS2Y9EYLP	0
A9LHKBGZK9DQD	0
A1GLY78FL19OB3	0
AT5TTJX3RUQZI	0
A13Y9UPWGF2CHN	0
A1GR8HFD1BDJ23	0
ATAOFHN60Y08K	0
A94GVM3LPHNYZ	0
A91TAIIM4ZB1I	0
ATFKJLL0D641Z	0
A1GT7EZFLH7NAL	0
A90XRB7UKGG2N	0
A13R91SPK450LL	0
A1420ZLLCPK0ZK	0
ASVDMYBLUIVSH	0
A9YM4LZD51EX8	0
ASSQO7HOW3H1I	0
A14959CJGBUJI5	0
ASA3QBJ9GM3CJ	0
AACEZAH71JPYN	0
AAC9KXIL8A53A	0
ASCPLPTZA5JDH	0
AAC4EHKLLP2AE	0
A1FSVJRNZS0O1T	0
ASDKFBPOIQJK4	0
A8XLJEJ0AUQ10	0
A1FTHLABFBQ9RZ	0
A1FUVQELJ2YQOP	0
A1FXNXJA187Q7P	0
A1FZ7CL9UCRFWJ	0
AA2VUXFWUGBWU	0
A1G35YXYQP3HQ9	0
ASP9ZO2ST57ZO	0
ASREPDUX07ZBE	0
ASSCM10AMCLWJ	0
ASFZ4VSL6ZX3F	0
A13NR167NF32PA	0
A1GVHYZPFR762D	0
A1GY6N4MVD3H2M	0
A134DD87J9RNDF	0
AUUEIFVY1CGBL	0
A1HMXKPXP9A58V	0
AUV6SCWVC0IS2	0
A7YUIKV5Q2OQD	0
A130Y004D49GW1	0
AUZ8ZQMGHH57V	0
A7WLP9BHBNDLD	0
AUMIWTCGYSUVX	0
A12X6QD30JOOP8	0
A7SI38082LDVJ	0
A12W322S279F1Z	0
A7L5LKSUQS3PH	0
A7KCKBYU9PPBR	0
A1HZRXQCRG2J5Y	0
AV53F95L890PI	0
A1I2SZT84GX39E	0
AV8P41HEN0AMT	0
A12WJ2DL25WIVV	0
A1495LBHT9UJ2K	0
A137Y405QWW1BW	0
AUAMQCYM2S7KT	0
ATKPPHQTVFPTP	0
A8UBAWM2YYGMT	0
ATNDZWKJYBU9Y	0
A8P15D96DOPG7	0
ATP2Y053GDQ75	0
ATV79G6J5Y7VY	0
A8JZTT4XCPYVA	0
A8JCV4V3M8PS7	0
AUEXD60LCPSMW	0
AU4KADTG2LKB8	0
A8IEV0HNF3Q7G	0
A8HZX053SXGYE	0
AU605Z6OSYDMI	0
AU6GAPS5YQY3M	0
AU7JGPGKP5M6Z	0
A1H8X9PCM7OTK0	0
AU97TIT5QC74	0
A8C8IDHNBGLIA	0
AU52ECKTZG49O	0
AS690ZYXA6XCF	0
AS3MQURT4VXU4	0
A1FN1PZIUQILOK	0
AQL6N840FZMXI	0
AQMUHWS43GFI1	0
A15IZK8GJI6HTZ	0
A1E9ILIDS2GYSF	0
A15FIXZS6D8M6D	0
AQQW1FMOCFK5Z	0
A1EDWFEXNC80CE	0
ACVIBGA9TW9CM	0
A1E5V7E8KGBZZW	0
ACU5OX4QBTZ8I	0
ACK7NAIZQS6AS	0
ACJIDOSJ1C61N	0
AQYVFWLLCZOXS	0
A1EMD0PAEPJTXS	0
AQYYG09O1KV62	0
ACC4AV770427R	0
A154J2J3F5YLJN	0
AR1419TJAI1Z8	0
A1EKY6SBDIICO7	0
AC7EC0YBK2KSF	0
A1E42AFHHQDFFA	0
A15O808IG4IXY2	0
ADT1G0IMUTK96	0
APZZH41SKNJGE	0
ADO2QTXN22Z9K	0
AQ3E6VK0BN5P0	0
ADI8PM6S7Q0VC	0
ADI2A1PXQKJFC	0
ADHUABCSMDUM2	0
AQ8DZOZDL0HCL	0
ADB33AIFSIQMI	0
A15QGLQ8QYJATR	0
A1DYPZ2YFPF498	0
ADH3TTPS6GZ3A	0
ADGZ1AUUKZKQT	0
A15P17NNY85U17	0
A15OVM8JWXHVNF	0
AQHXS6HGXLFOI	0
ADEFJFM9LTXZA	0
AQIZIZ5QRBNSQ	0
A1DYIG8ZV48N3P	0
A1DHCDLSFICXSP	0
AR16U0KP4VD8R	0
AC74B2HHQ2CW4	0
A1FC029U1TNTG3	0
A14OAK66W55T4Y	0
AB927J8K5ED5X	0
A14N177AJ9IV14	0
A1FCPD22IYF3R5	0
ARQSUGTXUFO0A	0
A1FD37HZKLEBUH	0
A14KMTADA0HD0V	0
ABBODPTGRX7Y	0
AB45RP3CWTO3N	0
ARUE5AXR1K0XG	0
A1FJ8Z5ESF0V6C	0
AAXRQW33NYOB8	0
A1FK991KA8ZBZD	0
AAW69DI8OZUMR	0
A14GV7LFORT1PS	0
AS3EZZ9SBS5S8	0
A14D8HD1Q11IBN	0
ARTDONNYC91E0	0
AR26CU6QB26L	0
A1FA7UHTINDML	0
ABE9YEMZ2XWD	0
AC2DDLWR3XGSY	0
AC27PJAPPFM7M	0
AC1Q2BLTAFLSG	0
AR5TEL2TAIA1C	0
A152R1N57BCKJ2	0
A1EXWVU0N33DVJ	0
ARAT4C6VUDUF7	0
A14Z9AIIW589ZG	0
ABDUIKJ2O1CM	0
A1F18ZBP8EX834	0
A1F1B9528KPHLZ	0
ARG4FWI9MFWVO	0
A1F329RRH0HK72	0
A1F3C12JMHAL7F	0
ARGSBKB6URF10	0
A14UWJ39VOVXFW	0
ABEIZ6F11TU5F	0
A14QUG1I02JYM7	0
ABS7TTY6HXCE6	0
ARXIGHAWK0B7Q	0
A0054271FXCGYGCKW9TH	0
A3GGSFIVW3VKEL	0
A2UMQYMN4EF161	0
A279RDKX1XNBMK	0
A1UNEDTQ5JLM2O	0
A2UW2ORJAPY6ZG	0
A278544YHUSEZO	0
A3DQ1F3KTWTDDH	0
A3DQ0JQWF3T4VL	0
A3DPVY94K6CEYE	0
A3DPBHOFZC753N	0
A2V1TD9TL6M1ZN	0
A3DLTF72HQ7G6B	0
A2V98YBD3SRVG9	0
A1UXI5AZ3O2905	0
A2VBZ2YOWDFB7T	0
A3DID22ECCG3WD	0
A1V08DHS5GULYJ	0
A26X0RY1SFVMEC	0
A2UL15CMBEYDNE	0
A3DUZ9XWSFKNTP	0
A3DWWLPJVWX9TL	0
A2UJ8H44RK0E4I	0
A2U2XJIECES4UL	0
A2U48R4Z6WOMQZ	0
A3EOWN4WGBIZLP	0
A27HGURKO0AN41	0
A3EKU31JYEUGZ3	0
A2U51T1TK6CYX9	0
A3EI7D7E3G2UUE	0
A27FARSD8FAP1F	0
A1V566QRT39VNB	0
A1U8H8BOXQC4X9	0
A2U9E2FXR6C9BO	0
A3ECCRYGDAAP5S	0
A3EC6G1ZLYJ46X	0
A2U9NJC0O524JN	0
A27DFE2H759R8E	0
A3E90BH4019TC	0
A3E891GRU2FWT6	0
A2UEM0E6JZK0Q0	0
A3EGOOG2ZHEGXZ	0
A1U5A4TMTS2HS5	0
A26WIF46Z89QXQ	0
A3D52CZ9YY4KLW	0
A3CAZLIQQQIJ83	0
A3C9384HRMI161	0
A25N2ZUF6FAWWO	0
A2X23TUUD16FEN	0
A25KPTGGUF0BLM	0
A3C4I53MD11GN0	0
A3C47RB3UU5FMP	0
A1VZLSL7ELREFE	0
A1W02NNBCJ5YQX	0
A3C2MEFIK07GP3	0
A25J9EGIAYOTXP	0
A2X36DXTGV3692	0
A2X372W06MFSBI	0
A1W6QWU5KPF5AQ	0
A2X42XFC5CEERO	0
A1W6S7OXUIHMBN	0
A1W7QKYNG8UT5V	0
A3CCLJZUFP3YQX	0
A3CF1NGVY4T8S	0
A2WTSDYN4S8XZV	0
A25T8DAWZZ0DY9	0
A2VRNS4EBSHS90	0
A3D03SD5RKWYR0	0
A2VZC899R9EOKW	0
A26BKMX65FAZP8	0
A1VGDMKLYQPGAR	0
A2W19FQ3AJNS1Z	0
A269DFHQASF4EE	0
A2W5FAQ9R07ZTY	0
A26NMR5AI4B2QP	0
A2WF49ILK8KY1X	0
A2WN7HZCMUTQZ7	0
A3CQLUV5OXTF7T	0
A25V6Q10SUARHA	0
A25TSZ3A1XWTHZ	0
A3CMIDTCMUYZ8K	0
A1VNQ0K2SXBVJD	0
A2WQQ3VWQA6G9Q	0
A2WR8YGP7KG345	0
A3CSJTKRMTAOY7	0
A3BSQXYHNLJOGN	0
A2U105505X3K8Y	0
A1U26MFJAA1BB5	0
A1SZ1Y4XK7MRYQ	0
A1SZFF9LK321DZ	0
A1T1SU5MXB3QQL	0
A28NVBMY7BYBB2	0
A2S7FT6OY8BBWB	0
A3GIORVWFZT2SL	0
A2S8JL4M4VGQO3	0
A2S99XJ7JQYF5M	0
A2SBLSNCAQVF44	0
A34INGZEPO4EN2	0
A3GGPLHJDQRRP	0
A2SC408M9J0AVO	0
A3GG5QLOAGCGR4	0
A28MHJSBEP6EOM	0
A1T5SD4C4T9OYM	0
A2SEVW3YHC1SZV	0
A3G9Z2QKV64I5	0
A2S3RCK4NIK0J3	0
A3GSHIEIKB97WO	0
A3GV75YMLZA87O	0
A2S1079WE4ZXFR	0
A1SCFRCKCDE4VW	0
A2R6RJPGA0FP1A	0
A29BBNYZE4ZIQ0	0
A2R9783GSTVYRV	0
A298WOMP4H5T9Z	0
A1SFQR9PFRO215	0
A294PK4PECI1FO	0
A1SJC9YN9V8E47	0
A3G82AFYHP5ZEO	0
A2RMU7NKP03L0B	0
A2RNJYW49YU6FS	0
A3HAZ111JLOT5C	0
A3H9OQKO7LXIIC	0
A1SPHZ8QYJINNT	0
A28ZF6PTEPPTW6	0
A2RPW05DNXSBNE	0
A28XNIJN6B9W0Q	0
A2RZ54LE8GYN8R	0
A290QIVZ2VWE1V	0
A2U03VJTKU96ED	0
A1T9NT1M1FX7SH	0
A1TAH1XEITI8R7	0
A27YPHTNU7N5AK	0
A2TOD0LJGVAJ0R	0
A27TZ4YDT7P7D7	0
A1TVPEE3DF9A3W	0
A3F9V48VCPB9IT	0
A27PF8WSWHGYAX	0
A3F7TQG7Z48C70	0
A3F7M2JW9TZSAV	0
A27LRZOWIMU094	0
A3F3MGBA448O6F	0
A2TWV823B1HLL4	0
A3F3ANIHC282DY	0
A3F30RJZ97MBO3	0
A2TXB83140TH5I	0
A3F1E4JRIHRQ4N	0
A1U1DTLJHYJMT7	0
A27L2H9YEBOWHT	0
A2T8C6FAOX27ND	0
A2T83XXA4GNC4W	0
A3FH2NQJE94HBH	0
A3FHO90QL0ATXX	0
A3G6LJUQ9GCZRA	0
A2SMO4OCGLZ9BX	0
A1TE2VK6YO1LM8	0
A1TEXI7PHBTFDK	0
A3G41SR3IZCP0I	0
A2SO0AJA22N3JZ	0
A3G364TXKESUTL	0
A2SO80MI0U1JUF	0
A1T9VAHXYTTFCM	0
A28D7XSD8UVJ27	0
A28BXYJPLS0PYU	0
A2SVY939KDBOPD	0
A28BUSZ21W1TCX	0
A1TKU7VXGXYGX5	0
A2SXKD3SL11OQN	0
A3FPR2EHFQUO9Z	0
A289JRE05JZED	0
A3FNTQWMU86WEG	0
A1THMKK4CY2QF4	0
A3HQ9GWG6MYGMX	0
A1W8HFFEVXETT2	0
A3BF7GV6NQUGFL	0
A21YX8KKSTZHPQ	0
A323HKYFLZKSBU	0
A375TQN5EHVTQA	0
A1YOMY6FHEV2SO	0
A21SEHWKBOATQ0	0
A1YRIEUOGM4G7A	0
A329OUCQ5ELE39	0
A329PA67AQI0WH	0
A36M2ZSOAU2Z9U	0
A21Q6FBKF94YKX	0
A36J9RVVMOQ14S	0
A1YYQ63RDM1IDY	0
A36DCPDZSCIVDB	0
A32HCMVKGZF4U9	0
A365UGBHN1QUIT	0
A365KD790ML4GP	0
A32Q726D4KHNHH	0
A31W8JNPO0AGYG	0
A1YIDB3GMPZZN1	0
A227HHHKPWE1OZ	0
A37OUN1IGUAUER	0
A38AO5O5R6S1R7	0
A22NGWLWJ9VR5U	0
A1Y3K6QIR6J81B	0
A315PGQ04GC4PL	0
A31HDIWT7EMR4R	0
A31HJR2J8ED0DG	0
A22DZ9HTW0ZUH1	0
A383KA6ZYSHA3F	0
A1ZA7UMA875WEQ	0
A31IMUHYVZHIEA	0
A31O6EC37F1W2F	0
A31QF68PV1XWGK	0
A1YA69FGX75R9O	0
A37YZJJ947ZIS6	0
A37UEAF30EGJR3	0
A1YD0PUG3AUNO3	0
A37QXCPVBKH8A2	0
A31R4NEBHWLTJ1	0
A1Y9ZQ599M3OLC	0
A38CJBU391WLWS	0
A32RDINF9OJ42K	0
A32SL13J46EX6A	0
A33MD8EQOCKD00	0
A20TRVVKOF4098	0
A33Q6COJE4TW5N	0
A1ZT4GJ89DLOG0	0
A1ZWJHR7YWF6QF	0
A33TF60GRZDN4E	0
A33VGR19T307HS	0
A341C6B1LWCU2E	0
A34U1CLRHCS0NQ	0
A34TN58UDJESE1	0
A341W9YGQX18WF	0
A203RYA42K371Z	0
A34LOLQB571FZN	0
A20IGUW9N3ADFJ	0
A1M6FMGUBQXMFB	0
A349AS7VKQRHPI	0
A34JA6VX47JLS1	0
A354M1SBL0W4MD	0
A3552OYXYIUVFW	0
A20Y2LC00R7AF	0
A358ZN5S5DA767	0
A35VWMULW2JDPG	0
A21CXMNADO5YCS	0
A1ZE56EBLYAKBL	0
A32UION5ZPO02T	0
A1ZGNTWEXZQ3XO	0
A32UNLSG43JP2O	0
A32W8X7O0Z2MUP	0
A1ZH1498KCF0II	0
A32S4D1QZP8J3M	0
A1ZI2AYFJISEGH	0
A35EEDGXKHAB2O	0
A32XW5B90794UU	0
A35BMS7X3WR1ZL	0
A215LSRYATXVHM	0
A21498DFIZ25XD	0
A213MZDGNEIKB8	0
A337T56JH8J5YZ	0
A359UUNB49BJNT	0
A32XNNZ4TGBV3T	0
A2XAMJXY3ISCIB	0
A38FY1AWVJVPQW	0
A3126MMD3JTO7R	0
A2Y5LY0AO0H5E5	0
A3AUVK8T7VHFK7	0
A2Y6IDYSDC9QTY	0
A24E7P7NKBJRHL	0
A3AQRSYRSLUTSL	0
A3AM4RSNGMEUNM	0
A248XKSUCEDW7D	0
A2YRMZ8FJ4FOS9	0
A3AJZ9KP2FW16K	0
A2YUKNOM048OYT	0
A2Z318ZPUJ7R1B	0
A3AGOG7IBCDJ9L	0
A1WTI921OTVBA1	0
A2Z6G3I5CQBTRU	0
A1WTPAHQQNUCVO	0
A3ACGQNRDQJAJX	0
A23SLMJXRRRBQL	0
A2Y56CM7376FU0	0
A2Y4ROKK4AD5JJ	0
A1WMGFT19MJEKH	0
A3AWPWMH3U5K76	0
A2XFXOC5Z5RT7T	0
A1WEHJG963TAGN	0
A3BEFDB48Y70F5	0
A25AIDHKYTECS1	0
A25705CYV57PFN	0
A253XRSWVFP8V2	0
A25070GK8UF668	0
A3BAPCM4XA4HVI	0
A23QD4RP8P597T	0
A1WERALL9FRP74	0
A24ZC7RQ67WMDG	0
A24UCQNEYALC65	0
A3B3T22XV6BIK3	0
A1WH0TL8K2DGF9	0
A2XUY01FTGA995	0
A2XWY76V0JYE1D	0
A2Y177JF6VMMS2	0
A24LCUH8A45ASI	0
A3B70Z6W6QKO13	0
A1XY4GZM34RU	0
A3A8OS0ZSIZINZ	0
A23PXI4JK9CHN2	0
A3991Y54TJWI6B	0
A397DXP6QIA360	0
A396JL9J27G5WK	0
A1XMD2UQ0NCGIZ	0
A1XOIK660PN5AQ	0
A236ICZRH93U33	0
A235AIV45I87F2	0
A38Z3UFUSXP4WR	0
A30IP2BSOF9MDG	0
A38XRHJWIZEDD1	0
A1XQ4ZSOCJIJRD	0
A38QOU1U3ABG31	0
A30P9L3PFNUZ6P	0
A22SLZKRYVSL3F	0
A38O6YEFD84WL0	0
A38NHXL5257E3B	0
A1XWETW84E5FXE	0
A30BNBZNECY0BW	0
A237AZXIP2KY7F	0
A39DT8S7YZFLCV	0
A39EXW1L4UMQCX	0
A2ZDXTC7ISK7K	0
A3A50QTEQNA231	0
A1X0N0E2NEJQED	0
A1X2PY5LQUKPYO	0
A2ZK06FLC6CN9Y	0
A1X5K5AFPF2LNJ	0
A2ZKQ4UEJHRL5B	0
A23K4US7D40JSY	0
A3A6QV3WWYJE69	0
A39UGRZI9BPDH8	0
A1XA7YL1WK5Y7B	0
A23E8CHPRWJCKK	0
A2ZZFORLMODXG6	0
A23DVXX5QH4HN0	0
A1XG6CUDAI6SS3	0
A302TJJ2Q9H4UY	0
A305K4BQIC2I7	0
A306PNNXS4WX2C	0
A2ZXO2YQEWGX3W	0
A29CEX7EC3C093	0
A34HLNN2RXV6GZ	0
A3NWAMA790NVLB	0
A3HR6D8AUWHA93	0
A2LW17X1M2MBFZ	0
A1OI3GVZZ6TYFT	0
A2FDYSHQ5PB9DU	0
A1MUQKOJITFALY	0
A3NRK9U3WF68W7	0
A2M09BHDVE406A	0
A3NQFZIPITICVV	0
A2M16O583JKSJC	0
A2CV29K4PINS0N	0
A3NLNJ2IS52S0F	0
A2M28S8CCW8CZW	0
A2CTT2SNYDN15A	0
A2CRA78B29VDRP	0
A3NKXO720OGHSF	0
A1OGM8SPHLQJ29	0
A2IIXO6THYA8BE	0
A1OEPBZT2AD3YD	0
A3R6CYT7L0KWJU	0
A3ODV998W2ZOFE	0
A3ODFEXNBC9TE3	0
A2LDMJWK8U2PKD	0
A3ODEW5YOJEPAX	0
A2DBQDNOYFIFWC	0
A3OA1NASGJXE4G	0
A2LIZ2DG80121W	0
A2LK605QEN6DOP	0
A2LKLSFWFPPPEN	0
A2LLH7NFJ509AJ	0
A2LPAQLDAMP375	0
A3R5MQDAKE44WM	0
A2LRNVBGWD8XM	0
A3O2PVY41N6NBV	0
A2D0JBYRRQW5O6	0
A2D0B4OROR70F0	0
A1O9GD59RXVYEQ	0
A3NIFN80C0K59P	0
A3NH1SMW111SY2	0
A2I78PMBI9Y0GD	0
A2FOS147TETKTH	0
A3RI2Y8JRU4FAU	0
A2MNIQ5GVSJML7	0
A3RIBXELTHRNXV	0
A2MQDYRPFM4XUF	0
A3QIX9ATSH6AVB	0
A2C86TN68R067Q	0
A3MW7H94YMJEU8	0
A3MV4URJ6NHZDR	0
A3RM8MXD73L1C0	0
A2MUGFY21XMITL	0
A2MUJKZKOFKGSW	0
A1MPTXUEWDW5HB	0
A3MQP7LVM4F2KY	0
A3N24GZA592TUR	0
A3NHF57BCOZQDP	0
A2GP0C7V05RIN0	0
A2MN0JB4EEWMNV	0
A3NG4SVVGZIT8F	0
A1OUUP4V34SH93	0
A2FIOUGLNSAO5B	0
A2CIHH2KQBCC4K	0
A1OWUNV266NHLE	0
A2MCIK7M605H91	0
A2CI2QWYK2VY7S	0
A2MIBJH1OY801O	0
A1OYPBE0PACN9B	0
A2I7BUMXKSST97	0
A2MKNDMCP3S8O	0
A1P0VV8CECCCRA	0
A3NAG6FFC7X96	0
A3N9ND0IMBKA3D	0
A2MKZEEZ4FQYUH	0
A3N4KYU3V93QRF	0
A1MPNPB900AH4Q	0
A3OFSGOUTCQRGG	0
A2DCPQ5NPDVATD	0
A3QQPNJCLW6ROA	0
A1NETO8OWLC0Q0	0
A3QQW1KRM23HY0	0
A2KBN62RUMCHVL	0
A3PYRWI0HV0YFP	0
A3PYGB5JA2IVVE	0
A3PVJ5YGOF05CZ	0
A3PPEB1NKL31A9	0
A3PP0YU97UZ203	0
A2E1OG9ON0YR64	0
A3PNVTE9TEFXRZ	0
A3PNCDX79HCME1	0
A2KFV5TJKOXOB	0
A3PMXLUSDIWRQ3	0
A2DW68SEZMKB0O	0
A2K73PMM1ML9XP	0
A3PIX8EN9ZMOLN	0
A3QPJ9I29U553O	0
A2JRVWOTFD6G7	0
A2J68NTO7GH7NQ	0
A2J6G8GKXRK6XF	0
A3QH9HQ3BSRNMU	0
A1N77CEA2VK3BX	0
A2F6BTPUF7O62N	0
A3QE874ZVA13CO	0
A2JC93E53HSB4H	0
A2JE7Z4WLPNHOV	0
A2JETP3UTVT56P	0
A2ESG4AYM4Z6AB	0
A2ES9PH17RXCUP	0
A3Q8HQMHE6JXKC	0
A3QLUPILGVTQ3D	0
A2EN6X2K3QSNHF	0
A2EJM34EU9RPXZ	0
A1NC59VM1NV4UE	0
A2INEH3N5DRDLQ	0
A2DV3IYXQTXCGN	0
A2DTA3P6BGNF1Y	0
A3OXAYHLXNBXXJ	0
A3R0K00OY46KRL	0
A3OPPZ73RS9YFR	0
A3OOLSRORIQT5E	0
A2L0BO3OSZTBAW	0
A3R0THTT8FZHXI	0
A1MZZLVNHH8Y4	0
A2IS3IS98I9T73	0
A3ON1593TQHEN	0
A2DHOCWHU86K8Z	0
A2DH598MCF4K0J	0
A2DEGVQI9GU35X	0
A2LCHX9OHYTWRQ	0
A2LCO5FYZVBMFP	0
A3OJ6WMDWHL8RK	0
A1NZ85C6A505TT	0
A3PIDPQVLSDV5	0
A2DN2QQ838XEYX	0
A3P01PV9UHKDCQ	0
A2KLQ1RFE766AH	0
A3PHNRWKDO20ER	0
A2ISV6744ABZUL	0
A1N0BMH7VQ1AAO	0
A3PAJPKMB9PES8	0
A2KSWKUXXEVPQP	0
A3QWGIO1WYZ0ZH	0
A3P8A2MA1IVWBL	0
A1NUTABYA0GIWX	0
A2KU03VFQC2KLI	0
A3R00WJXEOBBWE	0
A1NW9XN4OK52YB	0
A3P3UKDTLWYZXP	0
A2DPKRSTUYPFHN	0
A2DP0PUH88TLZI	0
A2DP0A04WM5H70	0
A2FY1N895HNFJN	0
A2MQIAOWWLFEL7	0
A2PF2T5GN744F7	0
A1QP94UWI92D4	0
A3K25T4WAMYZ9L	0
A1M9649XWMZ7G0	0
A3JXZJLMY3QIZM	0
A3JX4S6PNGDEM1	0
A1QUEONSTJG6K3	0
A1QP3Y3BZU46CS	0
A3JTLQMN6WQLH	0
A3JS2G3ABOQEQD	0
A3SG7ZBZNH40FT	0
A3JQC6RQB8O4HG	0
A2PVSP7PCQU4UX	0
A1M7Y3CTZVJD7D	0
A2A98DJIUX7JI2	0
A3JTGMNHDIMG3J	0
A2Q6AABHRCMLBO	0
A1QOLKBUYYGIMR	0
A2PNPCMQ7FNHAG	0
A2H9SQUMD92WU7	0
A3KK3KZ9G3KBVL	0
A3KHI93XUO5Z1B	0
A3S5MO0TS5LN65	0
A1MGZGESA6PYK8	0
A1QGF7K2MENQRH	0
A2PPOF6QBF3GWF	0
A2H9FHZWCTJF54	0
A2AILLFFQN5M7Q	0
A2GJCEYZ6GRHAV	0
A1MN7QXQ5HOP3I	0
A2PFXCWN5QYAD	0
A2AGMUZ43ZL8GJ	0
A2PLGB52VCSYHG	0
A3S91X4GWOXKIG	0
A2A4S8F8QQSGNG	0
A2Q9OFBZOJP05Z	0
A3JFGIHRC680PT	0
A29Y0Y8VWEROMB	0
A1RPASFFIQEUOJ	0
A2QJMAL2VIV9D0	0
A29TL36GESM0P0	0
A3IH8GD1HOGNLF	0
A2QRGPCCU0S9J	0
A1RN9EZTN6HIZO	0
A29OXYORFN5QI2	0
A2GUQFWVAGY0EJ	0
A2QU3RM2DRCWST	0
A3IAM0T7EH2XBE	0
A3I1L2QZ6LQHQ8	0
A1S28K2OPCAJIO	0
A2QXUI9SHGV5FK	0
A29N6RFT5ZTTUO	0
A29Z8NXGXEZ3IY	0
A2A068K1JXBSUW	0
A3SJKDL7Q7SF6X	0
A3JEMJ9KMUPLKI	0
A1R1TWFBBREO8	0
A2Q9RO85EADIXT	0
A3JEJCB1ZHDIT5	0
A1R2E1VDBU534T	0
A1RA92D2CEMMJ2	0
A3J4L5D7MVTYQP	0
A2QAZFOEY0SZYY	0
A2A14E58SERS42	0
A2GY3HMW1YXPIC	0
A3SHG02AS5DRSA	0
A1RGG11TQXMZE0	0
A3IUDIPEMB2EE8	0
A3ITXF82XGD3P3	0
A2QDQY2ZKZGLN2	0
A2APVMB58WV0W0	0
A2ARK5MI1RMJKI	0
A2J34PJ2JE9WUE	0
A1QD054F94TZ3S	0
A2BUPFYUOFL8WH	0
A3LGQM5TWG65CT	0
A2BGDV09HCHX8E	0
A2NVXXITHIAZRL	0
A3LHGV9BSV1IPP	0
A2NU00TU04EHOF	0
A1PMZKP2PPTXYE	0
A2NPBE5JEBL06	0
A2NP4B4KRSAQ88	0
A2NM360U09Y1XY	0
A3LLGC5FQK99HK	0
A1PWKQDBNDLG19	0
A2HA701UCR6LB4	0
A2G7LC969A6K2H	0
A2GF2C8AFX5FBG	0
A3LOHAGU7C7VGZ	0
A2NJ7DGM5HGGJ6	0
A2NCIAMP6ENHIR	0
A2HIIBG3J7RUI7	0
A2BMCRKZRWEVLG	0
A2BPRZHPCWV4YX	0
A3LX0Z2TQRCUB3	0
A3LYC6ILNTQ3CG	0
A1MMWK72CM695U	0
A3M3R50C19EF2V	0
A2HK9SX7GRT1LN	0
A2BQ4HQMZRS9YU	0
A2BTOLT9WP498	0
A2GCYV3LNT3TUD	0
A1PP8ATXIPMEEW	0
A2HOF5IMCZGV3V	0
A2O2L7ATRQHNL1	0
A1PP1SVFD3XAX1	0
A3LCRQ4HQDM5PM	0
A3MN5AGMIAQZ7G	0
A1QBN8UULWXA9A	0
A2AZKFVF4GI1F2	0
A1Q7J89DIVOAXD	0
A3KPO0GMD6EDCD	0
A3KVNVQM2Q8GMD	0
A2OTUAAJXJH1D6	0
A2HU37RO6RKYAV	0
A3LEZSAGTJEBPH	0
A2OIK2V7DDM9V6	0
A3KOGHSVTJFORP	0
A2OELM5C7NM93R	0
A2HBR0CYRJU2KN	0
A2N50F3KYZ6DQX	0
A1PLKDW7SK2WK7	0
A1MMYU4Q4QBWY7	0
A2OU3WEO68RB26	0
A2O6UVCFSA3YW3	0
A2OUFTL8ZWGISZ	0
A3MGEE0NUA4DNF	0
A1Q4Q4VPVD3OOO	0
A2N2KJH88J7E49	0
A2O5OF57A3DIIU	0
A2O59ABAZIE8UT	0
A3L7ARYE5WXBTV	0
A2BBTUSGELCQSE	0
A3L8BAYPDJMSGC	0
A2OTERY3VLJSSK	0
A2J2V674PVLRJS	0
AZQMCPLOMGEUX	0
AYJ2SUARBHXDF	0
A34GTGUL1G47BM	0
A10RELCPPZ882U	0
A207NW1YKK0H1B	0
AJRSMFR95I31P	0
A19EINHTI7ZUAT	0
A21AGX262NNTNO	0
AJP417ZBALVYX	0
A2F7XC3U9313QX	0
A1A10QKWEZWWG8	0
A229J0C7XKO40A	0
A2FCRALRRAMKRE	0
A2H9FZQOYXA09U	0
A1A3YU9KTIWBTS	0
A20WR7CJMBV0GN	0
A21K4W6Y7S0T4	0
A33ID5EK154UUE	0
A1AEW2Z0VHI9KC	0
A33WOO4RD12GWL	0
A2GMP2B6MWIB3R	0
A19OWZINGCDDLJ	0
AZOW5RYV11EPD	0
A22A539ZQEJVU4	0
A328C1OYQUHRYT	0
A2FH61AZ3ZQY8U	0
A20JNN1HV82W07	0
A21T6IUEWO5D1O	0
A33FOXW120HLUQ	0
AZ4AVP5DYOSX3	0
A10E96SMA4Z9HV	0
A10PIJ8JN95FGQ	0
A1AOAZ67EAJWW5	0
A2FB0490KA5SL3	0
A2216VU60C90VW	0
AYKPM8KRER4TI	0
A10NV9GUJE472A	0
A19TBKTVTPBDIH	0
AS0Z2EKE587CW	0
AK3Z85359ZI18	0
A13J9BAUDYPMUE	0
A2TUSIPOX6U2N2	0
A2OJD69H9QAXJK	0
A2BBPHC164R85L	0
APSQVMFRP6HAG	0
APM86IKM8QP0R	0
APLTCX7H7J03V	0
A133WIH33Z4151	0
A2798Y4YPYWJRD	0
AUYUYAS4W9RX1	0
A2V04A3F18W0WL	0
A16HPR48H3NHI4	0
A271JVDWL79L6Q	0
A2BYYM9JM3OAQE	0
A2N87WT6P0BH3F	0
A2N694T4MZLKP7	0
A16N1DQHFGA1ZN	0
A26V21IGXOVRZZ	0
A26SW6KHYJJZWD	0
A27XH49VOAK167	0
AQI5VAS93VYJC	0
A2TFF05JW5AD7T	0
A2T71SZG524VBT	0
A149XDJET2DYHW	0
ARSZW27UETJAY	0
ASEW08C24UFWZ	0
A2QN1A5JN9NZI0	0
A2RZI744V1T9N0	0
A28SP21NDEQAO4	0
A28QG41Y4FCNHH	0
ARD0W6U2KN9MV	0
A142W30GT4DJ7U	0
A2MVKJW55XMRW3	0
AR0Z2AVWQ8F1Q	0
ASZEH8XP0VFF2	0
AT4Y8DBEEKGV4	0
A28D2PDS4GDE57	0
A13YVLLD267N30	0
AQWKIM4B3XSW2	0
A15CX9DBY26KCY	0
A2PANYWZGT90B7	0
A15J0XXVVVGUTB	0
A2P4DHDYC1AMTY	0
A2PUKKR4DET389	0
AO5K3Y84BISA2	0
A2VWWX8CLXQ54B	0
ANZTB1R1FOVZN	0
A2ZVETF78CVNO2	0
A2KNN1DSGPCBT3	0
AX3NM18HYF4DV	0
A23C6JAQEGDI48	0
A2KFIDZX7GGBSM	0
A2KCJS3GSPNFWG	0
A2E1RVYF6RNABV	0
A30F2V6ZL2W3JX	0
A22ZN8MU7QJTFH	0
A2ZM4FOYUQYHA7	0
A22YK7RDYOIACZ	0
A18SP5FQ1RI1KA	0
A2E8OEDYD88CN0	0
A2JQIDTFKJ5WG1	0
A2JN9A28FP3029	0
A2ENZHR6N5WV6S	0
A312JCB9PYCK93	0
A22OHJYZCLM3BE	0
AKAL75NZQG8SS	0
A31GJ9G99SOLLF	0
A30ODD99T9X4E	0
AJZ283R5XW5OX	0
A2KVV3SUFDDC9D	0
A2DMNZ99B4Y4TZ	0
A2W5FTBWK67B4H	0
ANTD7V8QDU4F8	0
A2WEHMA8BB3S3	0
ANG1IAGZ5ED5P	0
AVH5S2CCPMP5I	0
A178QXVAQ5OKP6	0
A25RJSVPQBQCP4	0
A2M8Z8T9ROUOSF	0
A25KH23XDR0LO7	0
A2KVZVNVVZHJLG	0
AVU1ILDDYW301	0
A2XK2TPL1TWPBU	0
AW0Q1DSLQA22V	0
AMH34DUPANIZZ	0
A2Y4Y2W49ELGZB	0
A2YIWXLM9IK77Z	0
A2L6XW6AXX8YGW	0
A2DL9K3V0ELM3D	0
AWRHVD1SXGSCY	0
A2Z6DDF7E8GL9N	0
A2X56AVIY2U67L	0
A3SRTGMCEHJZ3T	0
A2GRE8ZPYX9W4K	0
A1G8L9WKICSUXK	0
A1WWZKIPXPKPEQ	0
A1IHTNWPE1BFSJ	0
A3ACR8IG31Q7K6	0
A3AE5T7CWOBLY	0
A6ISGT1DRP84C	0
AE978VLM9YQTN	0
A1I8N725TH7Z7M	0
A1QHJ97XUQQC46	0
A1IMKTL62SR34Z	0
AE4OBU6QJHYMV	0
A1QIYCAWYOU4C7	0
A3AV0SR5X4FWQA	0
A1DH6WF095C90P	0
A7E7O6UD8LI9Y	0
A1WJSQLFC77GKD	0
A1HYQO7CMB9PKV	0
A3JRZCOAH4NIYP	0
A3JN16HJ4XHOAJ	0
A1QIN91YY373V	0
A1INP0XP6KY660	0
A3LIFBP7SYDCWR	0
A1X6B7HHJIFKHO	0
A4598OIO2K8CQ	0
A47MN83PKQZ72	0
A1C9RXXYKVZD0Q	0
AFMS1KFFSQY2K	0
A1Y392L3GBWGUS	0
A1OKX4YM05DC1T	0
A4M17S60NJNHX	0
A1JJSF2P5ZG7QC	0
A1OYE818TLQVRX	0
A1CDDB97W8E9LU	0
A4W35376SKXQV	0
A1CESYYOL74L84	0
A3MZELP6F1CJBZ	0
A39BUGVEWZ9DTM	0
A3MQLQMDD2SRDL	0
A39IFBQCBTXCKD	0
A1PNLMFOFUS4E7	0
A3M3I2AHCGQV7F	0
A3LQD3GREBYT4O	0
A1R0ASBMBGBSPQ	0
A1C2KWZ3MCYOYK	0
A1R0Z1AWJ7L9GT	0
A3JFXFSL9WF543	0
A9BDQX1NOP4WQ	0
A1T0W1X6D6NHFH	0
A3GKLL164RFLME	0
A1V9Y5U4DH1AO6	0
A1T2TAOHHO7A9Q	0
A1GISTHW2MXFQK	0
A1T3T9T5BPQPY2	0
A1V6IJDAIEFV6	0
A1ERCKSU79DBOD	0
A3FOTJPFJIDX7A	0
A1FPJEE64KNWU5	0
AAGFS9KANKWN8	0
AAKKOHVSZZTQS	0
ABMKLOA6J4XKV	0
A3F2YP5E1E7HTK	0
A1FGJWA3X12KEI	0
A1FD18GBPC7W5M	0
AB9DZRA2Z5BYX	0
A1UQNEXL36TYIF	0
A1SWEXILKIOZ6X	0
A3GWQOZQ9G1H4B	0
A3CWEO744H7EBT	0
ADLKIB22D5JAN	0
A1DMU07D5NMQY8	0
A8BUSKAENBYFZ	0
A3BF7NP172I3WA	0
A1HA739TIV72HZ	0
A1W6LE05GO9W6E	0
A8FMPVR4O0TBU	0
ADE14YK9KL32U	0
A1RSVGE5A2X16	0
A1RWKIQGSZ56G6	0
A3C8MN2Y4N5KFX	0
AD142HQYR488Y	0
A1VPEWW3D9T9SF	0
A1H0N9LAKHSB2D	0
A1SE34P68X9WPS	0
ACKYVSYDW8U5J	0
A1GUMYAKBSSUAU	0
A3H3CZ7ZD1DEUW	0
A3CVAVP8NZ10A3	0
ADNFSZ98O5UGV	0
A3W24L04MLW7VF	0
A39WSZEXPRJN6L	0
A1UDB5MFYM86QI	0
A1NR0HIF7FGVLS	0
A36TIXHO2Q8F7Z	0
A1YVM9MZNL46RQ	0
A34NS4GHV6P9UJ	0
A1BPJ0W2QQ379T	0
A34UD28JFEYHET	0
A34UXWA3X3GIGG	0
A3U5QAEC40JELD	0
A1ML1ZUEVTL9IG	0
A3TC2Z3ODAC50L	0
A1KZJWXCH3SR9F	0
A1BJWTXRGY5RAM	0
A3PZ55BU94NSDV	0
A1L1C03S6UP1VF	0
A3Q116JFTNM6Y8	0
A1MSP4LBVTP936	0
A3Q2U5XW774VYZ	0
A1L5VZIRTYW0UW	0
A35F2TAKWRQQT5	0
AHA9LAT6M91LT	0
A3RD03DY1UH3EE	0
A3UORBSIKQ56ZB	0
A1N8O3ALK7TBXJ	0
A1ZIUKMDFL1OHM	0
A1LERDTC8ZB1J1	0
A1N56GA4UWAETC	0
A3QNOZF00R0VO4	0
A1ZLPDPPBMH3L1	0
A1MXP8SNQTJP79	0
A3S1XAH9F5W0RU	0
A37BK22O5P7LVI	0
AH5BGAU2IPGGQ	0
A1B1UJOIY1BEOA	0
AG1M22OCME303	0
A34JD5Y7V831XR	0
A1AWZ7DH93APII	0
A3T36KLKH42DJT	0
A1M3MHBVTP7HO9	0
A2T5Y8LR73LYSK	0
AQ2RJC9Z25A09	0
A2R4SW1ER36HE1	0
A3TS4EU4LLB049	0
A3HLBBDCQI0LTX	0
AQ40BIHNP7Z6G	0
A2RABF5RUHSTBM	0
A8RKF82EMP6T1	0
A8UXKN9W8M566	0
A29381YVBY63P5	0
AAM1HE7IAQINV	0
A14M3Y7CAQJ8E5	0
A1LPXNLKSA9R39	0
A1SJJBHVIRV0PV	0
A14MM9OCK7O4HB	0
AS1CYOUZE86G3	0
A3TTAI31NQ78Y0	0
A14F4WADLD1SGQ	0
A29D65FWH0ZD24	0
A29PSNA6CJ4ZWT	0
ASCZLT6EAHERE	0
A27HAUPNO3H7LG	0
AB7JAWVGTU1DB	0
A3TUEMELIDX4JG	0
A2QVJ9ZXL0CI6T	0
A2QXHPM0C3SZAS	0
AS5A2TI7GHSS4	0
A3HBC8DVS5LNAW	0
A10FHRP5FRAEUU	0
A3HY76DS3KN7AY	0
A2GV204S0WDMYH	0
A3EP4549EW2P20	0
A2QZ4P8K3V0A0D	0
A15WDJOU6B9FLQ	0
A3SSYCJE4SNJJ1	0
AAW11U3MHB24Q	0
A29F2Q0Z3DLK9W	0
A29FODEEM3VM5I	0
A2H60YTE5004XN	0
A10CGTF3GZ2V65	0
A15HYKR9MTV61O	0
A152JP3R1POM4C	0
A1T4H85SQ8SBX1	0
A1TMAR4I3WJV8T	0
A1GDPTMBF6VYSC	0
AQNYU0FAHTLFC	0
A2SCS9GTZL5R20	0
A28LNO8FI24ANE	0
A1T60N21Q372CU	0
A1TBISAFZ8F6OG	0
AQYY2OH4BRCZG	0
A3S3ZPTHIXZKGI	0
A2SPHLMD8JCYT7	0
AA38EUMBOETZS	0
A3FUGJ2PPKPO8P	0
A3FU9ZL7Z2R4PV	0
A3FPSQGVL72TQ3	0
AAAW9GH888RKM	0
A1FRPRQK65VIUZ	0
A3S0KE8LHI3HXQ	0
A2HDMQXSSL8TE8	0
A3FGTHDZLKDR6N	0
A27YO0IV0OU5YL	0
A3H2QCZO4SK3XL	0
A2HSXV0QV1DS77	0
A14QN2A6J68F1L	0
A2TN4RJR8PELZO	0
A2HQVR914YE3SP	0
AQG9DHMWQWQFQ	0
A2RQVB09DQ0OV0	0
ARNY0FUYM4ZG	0
A3H0FZICCEEHQF	0
A3FFIJR3ABD0FY	0
ARHRAJZ1GXU58	0
A15O9NXMH0KQ7K	0
A2TJX27IK92EQL	1
A2TG8DRZ8ZWAPR	1
A3TAEFXD7SQNGP	1
AZGFIBEPXL8VT	1
A2HHD9IDAQF323	1
A3RTBSJWO4HT13	1
A3GPR4SKRP0QNR	1
A1NXZ1V7PJV74O	1
A3QV0ZJJ7R8R91	1
A2DT7HP9843YOZ	1
A2CL9VNOYV94NE	1
A3PF93XYNYVF8I	1
A1JG8KAQNG5X1P	1
A4P2F2OKKBDHR	1
A3VKR1ZG8WSAT3	1
A2MJQ79TLFDO1L	1
A1JBTDLKWSF6G7	1
A2KJSDC63JJQHS	1
A51G7VMFKE3FK	1
A2CBIKH1AXZ0ZE	1
A1P2IJ1O11BMRG	1
AVD4SILZ5H3L4	1
A11JJKKJUAXXVJ	1
A1J0BTCK9HBOV4	1
AV9X330TSNAG1	1
A5BGDZ04UC1T2	1
A3MR8ZAC76LYPA	1
A2MYPK1UMBJYGO	1
A5M168UW38QYC	1
A2DV26BHIP0LOX	1
A1OMUS8NIWHCOC	1
A2N591AS0ZXH4Z	1
A1JPF7IHYQYT6J	1
A3PB9EHYUKLK0F	1
A3VY0DWYLV8HM1	1
A3OQ8Z1NEP7YJ4	1
A3P5DGA69NLLO2	1
A3VRBXHJOPRKJX	1
A3W29QTODGMKYC	1
A2L33HCFPJGFRB	1
A3W40I21PC3YXK	1
A1KB3VTFNN5ERS	1
A1KAEJ5PVKVZTA	1
A1K4WPE5Y7KEYV	1
A430KUB0OF00F	1
A3O76PVY4ES8D5	1
A12BOYQWTV9KEW	1
A2LKXDUWPIZW5D	1
A1K01T8CQP3L54	1
A11RO54KL67B3C	1
A3NZ1MZUYARY3S	1
A2LVQ5M00EGJJY	1
A3P8QWHSRTYCKZ	1
A2LY4B3VOG7JQC	1
A2KRAY870885EI	1
A2DT5HCJXCZRLF	1
A1IWLRKG5NDN3Y	1
A2DW6ITKD576FH	1
A3LYGFG8O9L73U	1
A2JMFIGCNFGBS4	1
A7BGLEXV79N4Z	1
A13WX4UGF2F330	1
A2ADDOEW5BLFOD	1
A2PPNABXKM7DE2	1
A3Q9TBBXRDL3H5	1
A3K7CFFWM1M37R	1
A3URZSEWK6UBZ1	1
A2PTYDIIIQVTU0	1
A110GDAGF07KBK	1
A3QIVO1HZ35O3W	1
A2J1BJWQYXG7EW	1
A3IYRZWLJTDAR9	1
A2J0CTETNN8DKB	1
A1NWQUWPMC20MC	1
A2F8BUVXV5S1GV	1
A1RP2VKG5Z1N1K	1
ASIE2Y0NNWZDM	1
A1RQ2SGOBHP1OH	1
ASG1KIOZDWEHC	1
A29RMR90U6JCZ	1
A3Q46YEEGIKD6N	1
A3UV29H7H63ALP	1
A2AM70WPOP3E9L	1
A3KN5AHMM1U4UW	1
A2BTRW34QUV6TB	1
A61N4QIBB2T35	1
AUTPE2O5W63HQ	1
A11EG5QFVUKIB7	1
A2NLU5NARR8V3U	1
A2KETUOZTO0MN9	1
A2NM6383S01M2N	1
A2NOGCH2GBG7CD	1
A1UD4GTW9YUERV	1
A136TV7U5U873U	1
A146Y0JWAYU6UR	1
AUFATM46AUXP1	1
A3LG7JVBGBDE6I	1
A13D1SK0GHPILN	1
A2JWUOKYP41OZQ	1
AU6DXQENFV3AO	1
AXSA8A06M0PR0	1
A2EGA0XFAMQ5KW	1
A3L2ZBKEM50GAV	1
A1Q6CN1NMYGUBK	1
A2EIZNVK3KLY9	1
A1QAK43Z5IWWF7	1
A2BF93ZTKU2SEF	1
A2F75M4NCPD04O	1
A1AXBQM2YHKDMB	1
A1V9FMO26GHZ69	1
A36XDR1NDZL228	1
A1CAC2VG0J0U1R	1
A25VPN9XCWT64R	1
A353NM520Q2XIS	1
A1Z3GFDVI65RW4	1
A2WKD1P3MP2WIM	1
A21TJNKNCNXSH2	1
A2WFNI3XHE1XZL	1
A3CT5U6P8KM9AM	1
A171GZ5ZIV1KXM	1
A1ZL0PITHTAM0P	1
A35YUEP6EIKDFX	1
A263N2G3QF5DJF	1
AGGOLBXLP3P1D	1
A1D92XO0V4XQJR	1
A33RW50ZVUM9G8	1
AHFUZGR24SGMI	1
A1VLZ0I2TL8D9Z	1
A2W3ZWRV482WP3	1
A1B9NRX83M19TL	1
A3CXQQ1OO7AR22	1
A33W5XU72IHJHM	1
A26EMOWXR2HK7A	1
A1Y40NEXKJEG8Z	1
A26I6H6YXWIAMG	1
ACAUXC3YDCVJC	1
A1VE2LJPHYH0FG	1
A381JLJM8HC4UJ	1
A16O7OTRRFO3RN	1
A2VL5E0110WF5T	1
A3CTM44BRINEVH	1
A3AKH631PSCOXP	1
A20V8KGOV6DEYG	1
AM7UJPW3PI6R9	1
AKOUGJVF1B71E	1
A2XNPHX8O89PE4	1
A1ZM33N42G1L4K	1
AINZSSNU52SMH	1
AFDIIZ36YSFTD	1
A2XV7VO7B2296N	1
ADIMZDAWIZ1UO	1
A30TIBPX855R6T	1
A25CRTOY222CXH	1
A3BFXLY3BP9X6K	1
AKKQPBCAFWM34	1
A24QG6FSVO4K8K	1
A1XUQ9JM3H1N4F	1
AKUKZYOW1Q07T	1
A36RQG645V8FPD	1
A30XIHEGZTCL4F	1
ADXUJYVJ833VF	1
A19X2S43RMWN9O	1
A33G4C3I4ZOFD4	1
A3C6DPXFO7KWQY	1
A3C71EZYWETP5F	1
A2Y3DAF6PF6UD0	1
A2WXAUVYC4TEDH	1
A1BFFAWOFS7IOR	1
A30YU30MK3A3FL	1
A35AQV3M6YS6JI	1
A1BEMD2U3AUZEJ	1
A2WTCY4OHC3GM3	1
A1CG063VLPQOWU	1
A2ZX84ZP1XJJHW	1
A1VXLNSVU0FSRI	1
A2VI3F4S881Y3L	1
A30J4LDJG2VE7P	1
A341ARI5V0XUZO	1
A3A5YOQOLA1DNK	1
A1ZINFGYZVNGUA	1
A1ULS36ZJP12OJ	1
A2VFEY7LF1P0XC	1
A20JVK430FJK1Y	1
A39YTNE4NW7O3P	1
A205DDL86M34HE	1
A168HSVFKAT2I7	1
A37JO83NV2ZW7D	1
AK21SSYEL3JUZ	1
A1F3T0OJHZHYL	1
A2ZLQKA9YT1DUQ	1
AJ431FG8SOQ4G	1
AHYPIR8HK7F3Q	1
A279H607WCVUZQ	1
A31IK058IGR4JE	1
A163S3TNI9EGAP	1
AG13QBFRIS62A	1
A35NU1P9H05MAU	1
A1899U83VKAF2W	1
A3DXMLAXK203F	1
A1C438X5EIBM0Z	1
AHXR7WAHZNETT	1
AJ6ED6DFAIO6	1
A2ZWPRLE6EFNVM	1
A1XEGHJ412UTGE	1
A160ORLAULYP7W	1
A31OCDQW1JITY1	1
ABIWW6V0V01L6	1
A35T35XH70S88C	1
A2UJK3L2Y4AEZS	1
A1ULZDNCRHM7E6	1
A22DOEYZWPF22I	1
A2YZPX2TF25C1X	1
A22HX99ZGA9NF7	1
A3DLH5LL5QX37U	1
AEAJRLKBEIUW8	1
AOITINUD2FBNH	1
ALW2YYKLOGLFA	1
A227FZFWWJUPJF	1
ALSJJGTYWMHCA	1
A3DDHR0R3J8NA9	1
ABXDNI1AM2OI0	1
A16I3KZMB0ZK1J	1
A1XI1350DXBH4A	1
A2VF9VXXYYH2TY	1
A1Y4J0M2CZ09DH	1
A1ZCOCOEY3PE6U	1
ABUP465Q36IEO	1
A37FAZTGPDBM1L	1
A1Y4MMX5049C29	1
A1C6CYD8B3F870	1
ABOTQKAC0YM9E	1
A1344GJQSF3G49	1
A3E4RGFQ4K1M42	1
A3QCB1K6169WEA	1
AGZU4E66D52UN	1
A1N4840BFND13P	1
A5YY21H5SGE44	1
AEACCR11TC1ZL	1
A3KPZ745IQH28W	1
A3B70NUX32KNSF	1
A117MV0HUKFBTJ	1
A1WF497KHVF28R	1
A3ATX5V4NV5EQV	1
A1Q51JBT2VOPU	1
A6ADOEO9S23JF	1
AGVMCMGRQGPFA	1
A3A62NNYLIL34G	1
A1PXV7NWEFYLKE	1
AGSXC38UWD1WN	1
A3Q80Z17D36JWM	1
A17Q5KPQ2UYE8V	1
A39G0WEIXC1V23	1
A1I327C0APIQBG	1
AEV7U9LMM565G	1
A1PAWK44WSZD83	1
A2192UAAGWZSTN	1
A5MGFEPFA6ZP1	1
A13Z8BEPB232F9	1
A35KDEJS9CTM9L	1
A3BCTYRP8ZVGWU	1
ACZ6CN17BD255	1
AX3DFDQSEFUBW	1
A2LVFH8I5VQOFR	1
AK9G51HW6CZU3	1
AMOZULBUH2JIO	1
A1ESYYJ2IZEZAA	1
A28N8VZZ1EKFDW	1
A3RX1FYLS2TPGP	1
A1ETIVJ53SLTR7	1
A1OECWWF9LDU4S	1
AOHG0UAMVNL8N	1
AI37UHKQI4JXO	1
A1C8K7U1ABE1T1	1
A34U8RRMTWYMYZ	1
A387JMCWPQHQIK	1
A276OI0NHBYORX	1
A1EQT1OFS7M5HH	1
A2TDHTHD0WPAFJ	1
A1TPJU5KVQ2X3U	1
A3OA4A7LKQXVRE	1
A1O6L57A65PMOY	1
A3YHS12449C1Y	1
A279VE807NPUK4	1
A27WGWACHNQUR4	1
A27AOB1XTAK09Q	1
A3SH8DL9RJGT7C	1
A19GK1HQ659T1C	1
A3SKH9AXE286RZ	1
AFZKG7MVKU00G	1
A3EMVCMJKNDZ1A	1
A2U734KPF19WNH	1
AB7XVX20VW3HV	1
A15NP1UOTKC16O	1
A3CX9TVCTTL1M3	1
AXPBDHZ0ZXX3E	1
A1ZMX2RYULVVZ5	1
A1W001LAYWBOS4	1
ASBMILXOJQRRT	1
ASL42Q7LYJWFV	1
A3BD122EPHIO8W	1
AFC5QXNSYPIGY	1
A2IITI3O6ZF4ID	1
A8JAP6CHVZSVZ	1
A3BUVUH2OZFG7F	1
A1N1P6F1FAVVUP	1
A2IOKMMA3HGLHL	1
A3CQAWOFGAHE9E	1
A1GYA60TSAZZH7	1
A3RNDRH50R47CZ	1
A261BI5JIC4TUX	1
AVW9P34UG7XSM	1
A4JYL863OY3DU	1
A22B4I0HXCP3OF	1
A383A9KUYFZMOG	1
A36HQQCFLA8C91	1
A1KEICSAAW6OKL	1
A1XTXOVDNMBEM3	1
A1YEKHPLDN5O71	1
A30LL04GP14ZU9	1
A3VEJF7518Y52M	1
A3VDURJ001TT9A	1
A2E5A3PR0RZYRZ	1
A23AHCLS1KMOCZ	1
A5Q7MVZKJ8LNP	1
AF8SREA2XE7BJ	1
A1CF4GZ75Z8OW2	1
AW7QSSX44418H	1
AXNIPH95JFA	1
A1NOUL4Z5G32YC	1
A2CUK5J2T9GVB3	1
A2D1HV7JMXM6SM	1
A21Y7HM23J08WT	1
A37E8SA5EI3JRU	1
A2K89R0B20LYHB	1
A2M7NC7WRDOCEJ	1
AFAW7I6VTACJ5	1
ALBHUDJERARAX	1
A1CR6Q48FRJIDR	1
A1LX607O9PZ8L2	1
A1EXE4MS0UMWSM	1
A1FZVN3BQ4BC7A	1
A34I5YAH6R5S46	1
A2S7QBNJLRPHRC	1
AO449YOTW2PCT	1
A1FXR04D2H0HG5	1
ARFUQAF36NUFH	1
A2RF72UWZCHYT5	1
A2FV2M9MG76NB7	1
A8PBH4EHHXUJC	1
A39QC03AY9LX8S	1
A3HR4JULMIX4H	1
ACZ6NU3I4YR5X	1
A33X5O4Q4M439E	1
A102ABZF13SEY3	1
A1EY3NJP0WH3JQ	1
A2T2DIXT25Q9S	1
APL32S06CLWU3	1
A15YJHJXI705CW	1
A1FEOW0CMG3WG5	1
AB205ZGIYEKWV	1
A27B9A82VGTQA6	1
APHZO7B1EJBZ1	1
A15V4TJBVYLK94	1
AAVFQ9MOMROFY	1
A1TV6XHXR0NKUH	1
A2UMWF2Y0ZVXKH	1
A2UPCFL0Q584Q9	1
AOUUDODOZZYQL	1
AQJM3ML99LIT1	1
A1UNUDVXKB7HOX	1
AZJZJASH3Q5KZ	1
A14CBDQXSSCEUK	1
A2X2MFEJFOI8KP	1
A3P2GECQLU36J5	1
A1426JDFA9R9U1	1
A24D3WAE2W0PNG	1
A2P7YSXI060RDO	1
A3ANDNKOPRHF9H	1
A1D8KV88A3D7IZ	1
A2PBC3HH1Z5R68	1
A1QIBBYAHJ1E0G	1
A2EYATCUMMA9L5	1
A2F500MCE6IGNF	1
A1W2GCA5HT6OM1	1
A1QJ6BJ1WFS96J	1
A337NTS6HYOX5U	1
ASYYFNL5ENDJE	1
AYIPQZVZ65FVA	1
A253VOK1WTCZDB	1
A2161FSD1VAOYG	1
A332KD1RR5DTGT	1
A3U8NPTHX7JNI6	1
A33F6H6L6NZA6B	1
A1QBOC76MIOJYP	1
A21AMFM92RKG8B	1
A3L5Z7GRE0ZQUC	1
A3Q5U25BYGJWUR	1
A8BXVF17FSHRO	1
A29Z7C9GSCWJJP	1
A2IUOX3GUQ22XH	1
A2O08J1QZPCO53	1
A1MXY49YAJM124	1
A3IJ7HIAB97TLS	1
A3R24XL1Y6MHV1	1
ALBASAZVGRE8J	1
A2GU2QI0OZIKAD	1
A3SBZEPDW5F8L1	1
A3VFBT5B0U0TTN	1
AZJWR5QHCC7RQ	1
A3UMCXWQF9SVIS	1
A1YGH7UJZIJXUZ	1
AYO05NGM2EX8T	1
A351HQ1R4JB991	1
A1LVROB8N109RS	1
A37BUYATRW9A0M	1
A3RGSZHLNNL4Q6	1
A21MGDYSC0AHL1	1
A33KI6NGIAXW34	1
A1M0NLIMBL7OHX	1
A2FJNJKTLMAAYP	1
A1ATRJVX5YZ7RN	1
AJTS5AF10C88S	1
A1XI7N1JKJL67	1
A12V7BFRODAIC1	1
A1IYC7C3O8OPW1	1
A1XE8WPHLX9AS4	1
A3IRDAYURK6O0E	1
ALDB32UJFPJ4L	1
A291W0B9UZOTCS	1
A2WHZLUM3KYI71	1
A2RAMS00HMU1Z	1
A2ZJFSFMMUQYED	1
A3CSITKMYMZIYB	1
ATXG8CZXLS0ZL	1
A3CNECK5LWX5NO	1
A1QG1UIWO4UGHL	1
A13OSJUY52B3O2	1
A1DBU1X381Z9UE	1
A1DDS4H71XOOSE	1
A3K9R4AXK5O6NS	1
A2WTEV5FT5WVPI	1
A2WXN21VGU18XV	1
A1R1BFJCMWX0Y3	1
A805LMHV9G3N3	1
A2A444MFNFFYAV	1
A1T57NS476EUPY	1
A2C728305OOX52	1
A1PULJU98V5M2L	1
A17GMZSD7J7DUZ	1
A3NSG5X0RWT8XP	1
A2DGW5KSCSL8HB	1
AAP1SNW622SAK	1
A2UJP5J8QKUFMB	1
A2UNJOHMSNMVQ0	1
A18WMQYGKMFWXF	1
A2807R6LDV4WUV	1
A38K9LXWKBXRBA	1
A3FU0E039QKL4E	1
A2MKM3QGS58TWT	1
A2I1L1S3B2OXU3	1
A3TV5XS089R450	1
A91ALRTTEOPMQ	1
AH8LY921SYG9S	1
A3PIE5KOXBZ7I7	1
A13UNRGQAQVOEI	1
A2PNH9C7AWEWHA	1
A1JXPJQMJJ7K5Q	1
A2QDOJFFLFGF18	1
AZ837LBSJLMUK	1
A2131HHBQQBY1D	1
A3G1SA4BNCPXQU	1
A1EE6LQS3OPY6R	1
A3PSAYKLJH5PIP	1
A3P5UBU249DBG3	1
A8GYSB35D05VC	1
AWQWVFKC2RRN	1
A1O308675KC2R1	1
A3O8QCZVMHDL7M	1
A2C9XE9I8RSKNX	1
A22HY129CAKC2A	1
A1B1NRB23SZLJA	1
A3RGN75LHYAG8U	1
A3LUQUWHURNG3E	1
A1A9VZQ8RKMVK6	1
A14IQMDVGNGXP3	1
A2W82EQ9HXNTLJ	1
A3CFWIAIPI9ZQ7	1
A2IACU8LJ1FCKE	1
A1RUOE14GV04W7	1
A1SWXHY388Y10T	1
A3ES644U91HF7U	1
A16133KD0TSYYI	1
AOAV7YRGTS2BF	1
A3T4UJT2EMT9D8	1
A343GABY8YYUT1	1
A2U346RWJXXYBR	1
A1TYZLIKWUH0KI	1
A3DXR1FSK8LUCW	1
A1P62PK6QVH8LV	1
A2L7GPE64XQPU0	1
A2CG6QBJH7J17E	1
AIJ9JAEN6FYIE	1
A2Q6FMFF2KXXY2	1
A2LDTYS4YLY6V4	1
A3JJ22ULXSJ2HH	1
A337QRWT1HDUD1	1
AEMIPUKP4YK5Z	1
A1CUBJPWGNM4RL	1
A32WEJIMV33H27	1
A1YIWB8X544YMP	1
A4LR5VOPEWYDS	1
A12XN0OWPHP3IR	1
AEDXD8O6JMHV4	1
A2SXL7JXDGMI4	1
A3CYRFIHPO8J5C	1
A2CWNOKHJJ0MIX	1
A1N1XKB8J953G4	1
A2OS7CFQI4DWPT	1
A6DTK66VNSNPE	1
AGB0Z4N9E71S	1
A18ZYO0HW88PT	1
A2648615MDQ1X8	1
A2W89DJXDEVCKP	1
A4BIWJ7GURFBI	1
A2UW8BT3ECYVTJ	1
AVM3G52ZUO978	1
A2V8X62WASC75W	1
AMYT1CKHY6L9Y	1
A1TK18XISJCST8	1
A5YTGBQJ6Z2EO	1
A20M7W2JZBBIL2	1
A3J03TF0FY577K	1
A1K83FKZ4R7EOL	1
A3LKQW67FHFVD2	1
A1QFI4OFLL10OW	1
A18JMY1EPBGP1Q	1
A37V3NZZ0SM4YK	1
A1DJ9ZJH1RKQIE	1
A3KL84BPQ51QWC	1
A1OXCD0BV1ATC4	1
A2XCLJRGFANRC	1
A3UG1F882YW65N	1
A16E2NDY0BNEZR	1
A208Y1ZPM9OUNF	1
A3KYBUK9FW05DJ	1
A2WUIVRR2Z4DC1	1
A3UITPMV41JBVU	1
A3KOKUIG5EJ2OX	1
ALFRMOGTO1K4M	1
